Partij,Aggregatie partij,# Stemmen,Percentage,# Zetels,,,,,,,,,,,,,,,,,,,,,,,
CDA,,2763480,"28,62 %",44,,,,,,,,,,,,,,,,,,,,,,,
PvdA,,2631363,"27,26 %",42,,,,,,,,,,,,,,,,,,,,,,,
VVD,,1728707,"17,91 %",28,,,,,,,,,,,,,,,,,,,,,,,
SP,,609723,"6,32 %",9,,,,,,,,,,,,,,,,,,,,,,,
LPF,,549975,"5,70 %",8,,,,,,,,,,,,,,,,,,,,,,,
GL,,495802,"5,14 %",8,,,,,,,,,,,,,,,,,,,,,,,
D66,,393333,"4,07 %",6,,,,,,,,,,,,,,,,,,,,,,,
CU,,204694,"2,12 %",3,,,,,,,,,,,,,,,,,,,,,,,
SGP,,150305,"1,56 %",2,,,,,,,,,,,,,,,,,,,,,,,
PvdD,,47754,"0,49 %",0,,,,,,,,,,,,,,,,,,,,,,,
LN,,38894,"0,40 %",0,,,,,,,,,,,,,,,,,,,,,,,
Partij van de Toekomst,,13845,"0,14 %",0,,,,,,,,,,,,,,,,,,,,,,,
Lijst Ratelband,,9045,"0,09 %",0,,,,,,,,,,,,,,,,,,,,,,,
Duurzaam Nederland,,7271,"0,08 %",0,,,,,,,,,,,,,,,,,,,,,,,
Nieuwe Communistische Partij,,4854,"0,05 %",0,,,,,,,,,,,,,,,,,,,,,,,
De Conservatieven.nl,,2521,"0,03 %",0,,,,,,,,,,,,,,,,,,,,,,,
VIP Vooruitstrevende Integratie Partij,,1623,"0,02 %",0,,,,,,,,,,,,,,,,,,,,,,,
Alliantie Vernieuwing en Democratie,,990,"0,01 %",0,,,,,,,,,,,,,,,,,,,,,,,
Lijst Veldhoen,,296,"0,00 %",0,,,,,,,,,,,,,,,,,,,,,,,
,,,,,,,,,,,,,,,,,,,,,,,,,,,
,,,,,,,,,,,,,,,,,,,,,,,,,,,
Amsterdamse code,CBS code,Naam,# geldige stemmen,# ongeldige/blanco stemmen,Percentage ongeldige/blanco stemmen,# kiesgerechtigden,Opkomst,Opkomstpercentage,CDA,PvdA,VVD,SP,LPF,GL,D66,CU,SGP,PvdD,LN,Partij van de Toekomst,Lijst Ratelband,Duurzaam Nederland,Nieuwe Communistische Partij,De Conservatieven.nl,VIP Vooruitstrevende Integratie Partij,Alliantie Vernieuwing en Democratie,Lijst Veldhoen
10787,1680,AA en Hunze,16777,18,"0,11 %",19461,16795,"86,30 %",2490,6953,4108,788,642,774,708,142,10,68,53,17,16,1,2,5,0,0,0
11084,738,Aalburg,7582,6,"0,08 %",8685,7588,"87,37 %",3118,857,802,233,352,89,76,510,1466,32,23,16,5,0,1,1,0,1,0
11264,358,Aalsmeer,14657,14,"0,10 %",17298,14671,"84,81 %",5138,2548,3934,536,861,511,638,269,53,61,64,19,13,1,4,7,0,0,0
11046,197,Aalten,11898,5,"0,04 %",13896,11903,"85,66 %",5935,2545,1249,600,365,448,291,331,24,42,25,14,11,11,2,4,0,1,0
10712,305,Abcoude,5644,4,"0,07 %",6202,5648,"91,07 %",1637,1076,1574,228,244,283,437,77,47,16,11,3,4,1,2,3,1,0,0
10199,59,Achtkarspelen,17846,12,"0,07 %",21382,17858,"83,52 %",7411,5535,1283,750,640,448,225,1235,144,50,85,26,11,0,3,0,0,0,0
11327,482,Alblasserdam,11220,9,"0,08 %",13436,11229,"83,57 %",2967,3170,1473,482,661,239,226,608,1266,45,31,15,12,8,9,2,2,2,2
10124,613,Albrandswaard,11799,20,"0,17 %",13830,11819,"85,46 %",3171,2398,3123,470,1360,309,491,181,120,74,60,12,15,2,6,6,0,0,1
10349,483,Alkemade,9283,2,"0,02 %",10748,9285,"86,39 %",3971,1507,1981,376,575,364,341,27,14,33,48,23,14,2,1,2,2,2,0
10527,361,Alkmaar,54570,75,"0,14 %",69528,54645,"78,59 %",10902,17845,9489,4697,2977,4332,2754,572,43,334,287,84,65,137,38,0,0,14,0
11053,141,Almelo,40871,38,"0,09 %",52689,40909,"77,64 %",12044,14319,5945,2448,1826,1636,1282,942,112,0,166,79,34,0,22,16,0,0,0
10018,34,Almere,85318,95,"0,11 %",112149,85413,"76,16 %",13459,26133,21145,5334,7259,4804,4409,1255,90,541,518,122,125,54,55,0,0,15,0
10517,484,Alphen aan den Rijn,42380,73,"0,17 %",52995,42453,"80,11 %",11830,9597,9699,2388,2424,2192,2046,1177,476,224,168,68,37,12,16,14,8,4,0
10710,1723,Alphen-Chaam,6097,1,"0,02 %",7052,6098,"86,47 %",2884,938,1239,298,322,188,162,8,1,22,12,14,5,0,0,2,0,2,0
10456,1679,Ambt Montfort,6656,3,"0,05 %",8572,6659,"77,68 %",2926,1647,890,347,331,242,154,9,0,53,26,15,8,3,2,3,0,0,0
11153,60,Ameland,2436,0,"0,00 %",2652,2436,"91,86 %",982,573,448,113,116,92,60,15,1,8,19,5,3,0,1,0,0,0,0
11372,306,Amerongen,4690,4,"0,09 %",5414,4694,"86,70 %",1531,867,919,176,239,156,188,153,403,24,13,12,4,0,2,3,0,0,0
10948,307,Amersfoort,77353,70,"0,09 %",94763,77423,"81,70 %",18581,20792,14969,5484,3080,5561,4034,3418,606,315,273,80,41,45,36,19,10,9,0
10799,362,Amstelveen,48417,44,"0,09 %",57525,48461,"84,24 %",11065,11645,13550,2498,2311,2816,3482,411,72,277,146,47,37,21,14,21,0,4,0
11150,363,Amsterdam,374775,1788,"0,48 %",524362,376563,"71,81 %",36352,143188,58528,37127,21658,41289,26439,2670,237,3211,1146,553,490,1012,460,138,218,59,0
10822,364,Andijk,3975,1,"0,03 %",4712,3976,"84,38 %",1456,753,708,236,267,158,107,193,45,21,20,6,3,0,1,0,0,1,0
11131,199,Angerlo,3271,9,"0,28 %",3783,3280,"86,70 %",1196,885,614,181,131,113,106,6,1,12,16,8,2,0,0,0,0,0,0
10344,366,Anna Paulowna,8571,4,"0,05 %",10332,8575,"82,99 %",2657,1901,2338,356,548,270,265,88,8,54,61,14,5,3,2,0,0,1,0
11075,200,Apeldoorn,95988,60,"0,06 %",118653,96048,"80,95 %",27009,27715,17924,4810,4191,4664,3800,2417,2303,477,413,111,57,30,31,28,0,8,0
10886,3,Appingedam,7699,2,"0,03 %",9797,7701,"78,61 %",1664,3624,834,457,307,254,237,212,13,38,28,10,1,2,18,0,0,0,0
10202,885,Arcen en Velden,5483,2,"0,04 %",6636,5485,"82,66 %",2795,1026,797,254,236,177,138,8,0,21,24,3,2,0,1,1,0,0,0
10795,202,Arnhem,79845,266,"0,33 %",106866,80111,"74,96 %",15041,27503,12627,7646,3541,6965,4054,1079,86,520,239,111,203,145,34,30,0,21,0
10522,106,Assen,37656,28,"0,07 %",45672,37684,"82,51 %",7446,14440,5630,2380,1297,2115,1417,2442,101,154,104,32,31,37,13,17,0,0,0
10478,743,Asten,10166,26,"0,26 %",11994,10192,"84,98 %",4772,1851,1573,668,524,340,280,22,5,37,49,32,8,1,2,1,1,0,0
10060,744,Baarle Nassau,3953,1,"0,03 %",4951,3954,"79,86 %",1877,704,696,214,210,110,76,8,3,22,16,9,4,1,1,1,0,1,0
11411,308,Baarn,15385,20,"0,13 %",18341,15405,"83,99 %",4119,3476,3836,828,792,880,765,392,101,91,51,16,18,4,5,7,0,4,0
10943,489,Barendrecht,22353,21,"0,09 %",26246,22374,"85,25 %",6245,4536,5117,824,2207,740,836,587,972,97,100,19,38,6,8,11,6,0,4
10906,203,Barneveld,30545,11,"0,04 %",34352,30556,"88,95 %",13322,2958,3761,654,1413,539,460,2110,5126,63,78,27,11,12,4,5,0,2,0
11030,144,Bathmen,3725,5,"0,13 %",4095,3730,"91,09 %",1214,997,956,112,131,135,148,7,1,0,9,13,1,0,1,0,0,0,0
10425,5,Bedum,7197,3,"0,04 %",8090,7200,"89,00 %",2691,1951,675,361,172,301,237,716,45,23,17,4,2,0,0,0,0,2,0
11374,888,Beek,10582,9,"0,09 %",13111,10591,"80,78 %",4366,2539,1621,570,537,449,318,33,6,52,54,20,11,2,3,1,0,0,0
10816,370,Beemster,5602,15,"0,27 %",6453,5617,"87,04 %",1582,1311,1532,250,332,237,268,18,2,36,24,4,3,0,3,0,0,0,0
10195,889,Beesel,7536,7,"0,09 %",10141,7543,"74,38 %",3031,1877,1138,398,472,282,197,21,3,61,33,10,4,0,5,4,0,0,0
10340,7,Bellingwedde,6006,7,"0,12 %",7532,6013,"79,83 %",867,3047,796,347,345,257,138,94,12,45,23,7,4,0,22,0,0,2,0
10734,372,Bennebroek,3637,1,"0,03 %",4130,3638,"88,09 %",1208,599,1165,106,125,160,224,18,6,15,5,2,3,0,1,0,0,0,0
10962,491,Bergambacht,6150,1,"0,02 %",6860,6151,"89,66 %",1638,1512,1212,159,383,140,197,218,632,31,15,5,5,0,2,1,0,0,0
11160,1724,Bergeijk,11348,16,"0,14 %",13484,11364,"84,28 %",5462,1916,1987,653,617,299,250,33,8,41,52,18,6,0,2,3,0,1,0
11281,893,Bergen  (L),7782,6,"0,08 %",10047,7788,"77,52 %",3637,1763,1057,427,413,226,156,6,2,41,30,16,4,0,0,4,0,0,0
11424,373,Bergen (NH),20856,17,"0,08 %",24402,20873,"85,54 %",5269,4792,5480,1126,1222,1343,1250,74,12,125,108,19,18,1,13,0,0,4,0
11037,748,Bergen op Zoom,36269,39,"0,11 %",48417,36308,"74,99 %",10117,9267,7951,2264,2687,1645,1530,207,28,178,185,62,52,50,18,10,8,10,0
10350,207,Bergh,11060,8,"0,07 %",14069,11068,"78,67 %",4476,3105,1676,542,513,323,266,24,8,45,38,23,7,1,5,6,0,2,0
10445,492,Bergschenhoek,9254,7,"0,08 %",10769,9261,"86,00 %",2983,1422,2661,266,828,282,358,280,48,48,35,10,17,4,3,2,5,2,0
10139,493,Berkel en Rodenrijs,10977,8,"0,07 %",12564,10985,"87,43 %",4164,1585,2359,351,798,375,422,708,78,44,46,10,17,8,0,10,1,1,0
10149,1721,Bernheze,17589,19,"0,11 %",21374,17608,"82,38 %",8041,3111,2652,1995,633,539,427,23,7,34,61,38,9,5,4,6,1,3,0
10316,568,Bernisse,8240,9,"0,11 %",9825,8249,"83,96 %",2488,1746,1988,339,768,246,320,125,91,62,45,11,5,0,1,3,0,0,2
10442,753,Best,16991,21,"0,12 %",20768,17012,"81,91 %",5743,3965,3562,1070,861,628,676,212,22,61,76,78,12,16,4,1,2,2,0
10417,209,Beuningen,15086,11,"0,07 %",18609,15097,"81,13 %",4669,4329,2841,1068,686,681,585,57,11,54,66,21,10,6,2,0,0,0,0
10272,375,Beverwijk,21421,19,"0,09 %",27551,21440,"77,82 %",5185,6863,3832,1448,1603,1095,852,132,19,165,121,31,34,15,12,7,0,7,0
10222,585,Binnenmaas,12890,20,"0,16 %",14997,12910,"86,08 %",3609,2852,3036,491,1079,366,451,222,646,62,47,4,16,0,1,6,0,1,1
11006,1728,Bladel,11570,13,"0,11 %",14349,11583,"80,72 %",5459,2050,1826,769,588,366,324,25,3,32,82,34,6,0,0,4,1,1,0
10493,376,Blaricum,6501,4,"0,06 %",7223,6505,"90,06 %",1697,1187,2247,284,281,278,419,40,8,31,18,2,5,0,1,2,0,1,0
10994,495,Bleiswijk,6469,4,"0,06 %",7372,6473,"87,81 %",2434,945,1597,179,542,171,223,213,86,22,36,5,9,1,0,5,0,1,0
10850,377,Bloemendaal,11455,6,"0,05 %",12618,11461,"90,83 %",2719,1794,4450,329,366,634,954,74,12,75,21,14,9,1,2,0,0,1,0
10815,55,Boarnsterhim,12619,9,"0,07 %",14421,12628,"87,57 %",2724,5180,2343,688,362,618,442,94,25,36,74,22,5,2,2,0,0,2,0
11091,497,Bodegraven,11984,13,"0,11 %",14172,11997,"84,65 %",4549,2141,2261,454,649,361,362,513,590,43,35,9,7,0,5,4,0,1,0
10432,755,Boekel,5734,9,"0,16 %",6892,5743,"83,33 %",3072,866,655,491,318,143,120,8,3,15,26,9,2,0,1,3,1,1,0
10865,64,Bolsward,5886,5,"0,08 %",7071,5891,"83,31 %",2233,1826,655,401,201,236,137,100,15,25,35,10,8,0,2,0,0,2,0
11307,211,Borculo,6982,4,"0,06 %",7926,6986,"88,14 %",1861,2302,1773,309,190,254,181,46,4,27,19,7,1,1,2,5,0,0,0
10448,1681,Borger-Odoorn,16895,13,"0,08 %",20395,16908,"82,90 %",3645,7121,2860,868,684,600,565,346,34,70,64,21,7,1,9,0,0,0,0
10326,147,Borne,13206,11,"0,08 %",15313,13217,"86,31 %",5384,3598,2096,656,378,473,460,89,5,0,38,13,8,0,4,4,0,0,0
10043,654,Borsele,13862,16,"0,12 %",16480,13878,"84,21 %",5376,2441,1853,619,628,420,302,290,1772,79,47,17,10,3,5,0,0,0,0
10419,499,Boskoop,9623,6,"0,06 %",11176,9629,"86,16 %",3582,1552,2110,380,604,386,345,266,301,38,38,7,7,3,2,2,0,0,0
11227,756,Boxmeer,18485,27,"0,15 %",21757,18512,"85,09 %",7858,3877,2639,1902,817,666,500,53,4,59,66,17,5,5,6,7,0,4,0
10083,757,Boxtel,17463,13,"0,07 %",22379,17476,"78,09 %",5965,4549,2674,1737,748,828,697,56,10,68,59,41,16,3,2,6,2,2,0
10154,758,Breda,94535,91,"0,10 %",124996,94626,"75,70 %",24714,24824,20316,7503,4945,5568,4904,460,81,441,374,167,84,65,22,30,21,16,0
10807,311,Breukelen,9402,5,"0,05 %",10726,9407,"87,70 %",3175,1599,2155,364,411,442,460,267,436,44,29,8,7,0,1,3,0,1,0
10232,501,Brielle,10195,21,"0,21 %",12346,10216,"82,75 %",2271,2507,2863,512,965,360,433,79,23,86,49,13,14,0,6,10,1,2,1
10798,213,Brummen,13645,11,"0,08 %",16325,13656,"83,65 %",3452,4993,2665,687,539,564,483,81,30,51,43,17,11,8,18,0,0,3,0
10533,899,Brunssum,16966,14,"0,08 %",23351,16980,"72,72 %",5071,5733,1913,1751,997,632,392,166,12,137,90,27,25,0,15,5,0,0,0
10820,312,Bunnik,9609,13,"0,14 %",10567,9622,"91,06 %",3216,2045,1973,493,367,710,554,85,93,36,26,4,3,1,2,1,0,0,0
11343,313,Bunschoten,12306,7,"0,06 %",13790,12313,"89,29 %",6455,716,896,166,394,152,131,3100,233,22,17,9,5,1,1,1,3,4,0
11286,214,Buren,16543,11,"0,07 %",19467,16554,"85,04 %",4343,4536,3916,628,1016,475,591,219,651,74,55,22,9,1,7,0,0,0,0
10281,381,Bussum,19814,23,"0,12 %",23664,19837,"83,83 %",4801,4387,5533,1036,936,1138,1449,223,60,115,76,29,16,4,7,4,0,0,0
11248,502,Capelle a/d IJssel,38857,60,"0,15 %",49483,38917,"78,65 %",8565,10240,7716,1866,4045,1405,1497,1013,1862,303,179,40,55,11,16,25,13,6,0
11287,383,Castricum,23719,14,"0,06 %",26898,23733,"88,23 %",6857,5524,5546,1287,1076,1546,1474,113,17,125,96,25,28,1,3,0,0,1,0
10383,109,Coevorden,22898,20,"0,09 %",27388,22918,"83,68 %",6187,8670,4264,988,861,740,663,272,55,80,68,25,11,0,9,5,0,0,0
10219,1706,Cranendonck,12266,16,"0,13 %",15326,12282,"80,14 %",5370,2415,2144,689,763,296,357,49,5,47,80,39,3,0,4,2,1,2,0
11346,611,Cromstrijen,8580,5,"0,06 %",10069,8585,"85,26 %",2342,2169,1956,327,615,238,253,131,448,48,33,4,6,0,1,7,2,0,0
10023,1684,Cuijk,14522,13,"0,09 %",17985,14535,"80,82 %",4914,3910,2205,1263,795,681,484,28,6,69,73,26,8,49,5,2,2,2,0
10342,216,Culemborg,15059,15,"0,10 %",18608,15074,"81,01 %",3521,4196,3044,1165,947,1017,676,180,115,74,58,33,15,12,6,0,0,0,0
11007,148,Dalfsen,17275,13,"0,08 %",19562,17288,"88,38 %",8497,3234,2045,550,485,424,366,1349,254,0,38,18,10,0,2,3,0,0,0
10650,65,Dantumadeel,12325,6,"0,05 %",14711,12331,"83,82 %",5226,3316,776,526,420,357,203,818,563,25,77,9,3,0,5,0,0,1,0
10168,310,De Bilt,28410,35,"0,12 %",32213,28445,"88,30 %",7201,5713,7287,1609,1212,1860,1937,556,738,170,69,16,18,3,4,10,2,5,0
10241,552,De Lier,7041,11,"0,16 %",8084,7052,"87,23 %",3865,689,1347,173,477,160,142,117,12,26,21,3,6,0,2,1,0,0,0
10180,1663,De Marne,7118,3,"0,04 %",8455,7121,"84,22 %",1912,2378,921,480,269,307,168,573,20,50,16,15,5,0,3,0,0,1,0
11379,736,De Ronde Venen,21717,11,"0,05 %",25442,21728,"85,40 %",8084,3265,5675,843,1280,715,828,485,281,94,98,40,16,5,1,5,0,2,0
10262,1690,De Wolden,15684,4,"0,03 %",18108,15688,"86,64 %",4726,4348,3784,563,698,537,506,314,45,53,64,29,9,1,5,2,0,0,0
10928,503,Delft,58676,161,"0,27 %",72545,58837,"81,10 %",11629,17275,10420,4233,3834,5029,4012,971,299,371,224,52,81,144,33,31,18,13,7
10976,10,Delfzijl,17200,9,"0,05 %",22204,17209,"77,50 %",3918,7598,2243,933,738,534,443,566,19,80,69,15,13,10,20,0,0,1,0
11434,518,Den Haag,252929,578,"0,23 %",358076,253507,"70,80 %",46197,73502,56995,14754,21449,17064,14208,2796,1158,2245,850,199,343,414,143,0,533,30,49
10285,400,Den Helder,33824,22,"0,07 %",45725,33846,"74,02 %",7794,9209,8814,1427,2472,1350,1262,755,146,272,212,51,35,8,11,0,0,6,0
10379,762,Deurne,19325,26,"0,13 %",24078,19351,"80,37 %",8804,3785,2862,1413,985,652,488,48,13,77,120,56,6,3,2,6,1,4,0
10899,150,Deventer,51892,38,"0,07 %",64415,51930,"80,62 %",10947,19991,8114,3545,1869,3811,2435,777,65,0,202,62,31,0,24,19,0,0,0
10153,218,Didam,10485,5,"0,05 %",12815,10490,"81,86 %",4413,2932,1363,513,544,327,244,30,3,44,47,11,11,1,0,1,0,1,0
11039,384,Diemen,13833,16,"0,12 %",17646,13849,"78,48 %",2368,4175,3179,915,1105,930,797,119,9,86,87,20,18,10,11,3,0,1,0
10245,1774,Dinkelland,17117,6,"0,04 %",19229,17123,"89,05 %",11008,2436,2063,434,431,355,282,35,1,0,35,22,5,0,5,5,0,0,0
11154,219,Dinxperlo,5104,1,"0,02 %",6410,5105,"79,64 %",2393,1385,581,229,157,148,97,66,3,16,14,8,5,2,0,0,0,0,0
11344,504,Dirksland,5253,4,"0,08 %",6158,5257,"85,37 %",1481,1056,696,195,341,87,95,237,997,41,20,4,0,0,2,0,0,1,0
10327,221,Doesburg,6818,19,"0,28 %",8463,6837,"80,79 %",1537,2332,1046,867,302,262,282,88,13,36,23,16,6,5,1,0,0,2,0
10396,222,Doetinchem,29668,18,"0,06 %",36754,29686,"80,77 %",8235,9733,5069,1818,1110,1596,1103,411,238,139,108,44,23,28,6,6,0,1,0
11412,766,Dongen,14939,23,"0,15 %",18672,14962,"80,13 %",5109,3608,2510,1572,719,539,555,92,29,63,75,30,14,4,8,9,1,2,0
10198,58,Dongeradeel,15573,10,"0,06 %",18353,15583,"84,91 %",7962,3358,1192,742,518,553,264,743,84,50,76,16,11,1,2,0,0,1,0
10213,315,Doorn,6665,1,"0,02 %",7890,6666,"84,49 %",2016,1229,1843,256,256,358,363,123,174,33,4,2,8,0,0,0,0,0,0
11157,505,Dordrecht,65978,92,"0,14 %",88071,66070,"75,02 %",14432,19765,11772,4179,5270,3358,2656,1797,1557,422,265,68,97,212,32,51,23,8,14
10642,498,Drechterland,6450,4,"0,06 %",7483,6454,"86,25 %",2453,1233,1425,298,414,291,210,29,7,28,38,12,7,1,2,0,0,2,0
10777,316,Driebergen-Rijsenburg,11967,29,"0,24 %",13955,11996,"85,96 %",3350,2514,2666,572,464,954,686,303,325,57,38,9,6,14,4,2,2,1,0
10258,1719,Drimmelen,16497,23,"0,14 %",20390,16520,"81,02 %",5670,4180,3153,1063,957,548,601,65,16,69,76,48,26,2,6,9,0,8,0
10210,303,Dronten,21772,13,"0,06 %",25919,21785,"84,05 %",8035,4077,4768,886,1131,877,686,968,101,83,99,16,18,12,12,0,0,3,0
10068,225,Druten,10594,3,"0,03 %",12947,10597,"81,85 %",3506,3199,1777,699,488,434,372,14,6,37,39,14,2,3,4,0,0,0,0
11028,226,Duiven,15547,8,"0,05 %",18541,15555,"83,90 %",4953,4145,3271,844,725,644,606,144,12,82,76,19,16,4,2,4,0,0,0
10941,1711,Echt-Susteren,19262,17,"0,09 %",24854,19279,"77,57 %",8096,5176,2369,1143,942,726,458,49,8,163,79,19,20,3,9,2,0,0,0
10884,385,Edam-Volendam,17543,5,"0,03 %",21228,17548,"82,66 %",7757,2392,3579,595,1926,520,462,90,9,71,78,16,30,6,9,0,0,3,0
10743,228,Ede,65062,61,"0,09 %",76147,65123,"85,52 %",23170,10988,10755,2301,2563,2796,1934,3978,6054,192,167,54,44,26,11,16,0,13,0
10248,317,Eemnes,5591,9,"0,16 %",6301,5600,"88,87 %",1724,1071,1477,265,265,273,319,92,36,32,15,8,13,0,1,0,0,0,0
10246,1651,Eemsmond,10767,8,"0,07 %",12771,10775,"84,37 %",2944,3971,1166,645,300,419,225,901,55,48,32,36,9,0,14,0,0,2,0
10741,770,Eersel,11542,11,"0,10 %",13636,11553,"84,72 %",5402,1801,2112,717,542,368,406,32,1,40,75,29,5,1,3,4,1,3,0
10436,229,Eibergen,10964,7,"0,06 %",12555,10971,"87,38 %",5045,2802,1358,550,360,401,267,48,9,49,39,16,7,1,6,5,0,1,0
10314,905,Eijsden,7434,6,"0,08 %",8969,7440,"82,95 %",3208,1935,1036,349,298,319,200,7,4,32,20,8,11,1,3,3,0,0,0
11298,772,Eindhoven,115914,163,"0,14 %",155809,116077,"74,50 %",29476,31424,20320,11806,6818,7202,5641,1034,96,629,519,564,66,189,45,46,19,20,0
11113,230,Elburg,13913,10,"0,07 %",16005,13923,"86,99 %",5863,1904,1670,345,440,270,200,1408,1719,34,30,14,10,1,3,1,0,1,0
11180,114,Emmen,65249,50,"0,08 %",83033,65299,"78,64 %",16715,29063,7269,3798,2344,2266,1789,1246,79,236,232,106,53,10,33,10,0,0,0
10729,388,Enkhuizen,10484,16,"0,15 %",12883,10500,"81,50 %",2385,3158,2200,711,562,565,457,163,140,63,51,9,9,8,2,0,0,1,0
10364,153,Enschede,86723,111,"0,13 %",113325,86834,"76,62 %",19174,33106,13545,5650,3316,4936,3592,2646,146,0,282,143,74,0,84,29,0,0,0
10940,232,Epe,21554,7,"0,03 %",25788,21561,"83,61 %",6883,6166,4105,725,936,711,600,538,612,132,82,27,15,6,7,9,0,0,0
10732,233,Ermelo,16853,13,"0,08 %",19765,16866,"85,33 %",7605,2069,2646,653,657,652,419,1311,713,69,31,12,6,4,1,2,0,3,0
10750,777,Etten-Leur,22394,28,"0,13 %",29270,22422,"76,60 %",6876,5839,4634,1474,1291,947,883,114,15,76,106,54,29,35,6,8,2,5,0
11284,1722,Ferwerderadiel,5672,4,"0,07 %",6777,5676,"83,75 %",2654,1263,578,300,235,210,97,248,12,26,35,6,4,1,1,0,0,2,0
10404,70,Franekeradeel,12648,7,"0,06 %",15530,12655,"81,49 %",4528,4087,1509,720,449,509,296,351,24,48,65,31,18,1,9,0,0,3,0
10036,653,Gaasterlân-Sleat,6738,4,"0,06 %",7740,6742,"87,11 %",3100,1289,943,301,284,277,151,133,107,39,99,8,3,0,3,0,0,1,0
10101,779,Geertruidenberg,12473,15,"0,12 %",16282,12488,"76,70 %",3737,3629,2369,903,735,440,392,35,29,61,80,29,18,4,5,5,1,1,0
10881,236,Geldermalsen,16208,13,"0,08 %",18787,16221,"86,34 %",5123,3659,3272,567,992,502,492,214,1207,69,66,29,12,0,4,0,0,0,0
10529,781,Geldrop,16661,20,"0,12 %",21150,16681,"78,87 %",5389,3875,2881,1509,1064,849,658,139,11,77,105,67,22,7,4,4,0,0,0
10277,1652,Gemert-Bakel,16530,22,"0,13 %",20888,16552,"79,24 %",7275,3510,2392,1371,858,481,367,23,7,69,79,63,12,2,6,8,3,4,0
10260,237,Gendringen,12678,8,"0,06 %",15600,12686,"81,32 %",5730,3449,1508,667,487,401,250,47,6,40,37,27,11,10,3,2,0,3,0
10542,907,Gennep,9653,17,"0,18 %",12748,9670,"75,86 %",3748,2412,1352,729,509,392,382,28,6,25,38,19,5,6,1,1,0,0,0
10255,689,Giessenlanden,9652,10,"0,10 %",10710,9662,"90,21 %",3327,2064,1923,346,457,221,255,574,394,31,20,14,11,0,5,6,1,0,3
11375,784,Gilze en Rijen,15086,19,"0,13 %",18581,15105,"81,29 %",5076,3917,2669,1087,863,592,595,43,7,59,81,39,18,25,3,6,2,4,0
10981,511,Goedereede,7819,6,"0,08 %",8796,7825,"88,96 %",2710,1121,1182,185,393,100,139,300,1619,29,20,5,8,1,1,0,3,0,3
10674,664,Goes,22198,11,"0,05 %",27723,22209,"80,11 %",7063,5429,3414,1208,835,1179,683,671,1434,127,65,42,27,12,9,0,0,0,0
10971,785,Goirle,14048,12,"0,09 %",17177,14060,"81,85 %",4572,3503,2656,1223,632,672,601,21,2,41,61,29,18,5,4,4,3,1,0
10942,512,Gorinchem,19258,23,"0,12 %",24720,19281,"78,00 %",4309,6241,3633,1152,1181,793,770,627,318,86,76,25,7,24,8,5,1,2,0
10085,239,Gorssel,9284,8,"0,09 %",10521,9292,"88,32 %",2931,2300,2321,440,267,421,441,77,6,34,28,11,3,1,1,1,0,1,0
10302,513,Gouda,42724,65,"0,15 %",51798,42789,"82,61 %",9708,11765,7250,2413,3622,2621,2006,1425,1379,242,149,32,59,8,15,16,6,8,0
10451,693,Graafstroom,6121,3,"0,05 %",6790,6124,"90,19 %",2653,699,729,136,179,109,74,514,984,17,14,4,3,0,0,4,0,0,2
11417,365,Graft-De Rijp,4197,0,"0,00 %",4714,4197,"89,03 %",1248,946,1048,258,203,201,218,8,3,34,22,4,1,0,1,0,0,2,0
10165,786,Grave,7735,5,"0,06 %",9333,7740,"82,93 %",2715,1697,1432,749,393,357,274,30,4,40,20,10,8,1,3,1,0,1,0
11094,240,Groenlo,6089,6,"0,10 %",7370,6095,"82,70 %",2919,1442,798,356,179,176,145,11,6,21,19,13,4,0,0,0,0,0,0
10616,241,Groesbeek,11950,6,"0,05 %",14742,11956,"81,10 %",3969,3949,1439,930,566,610,342,32,6,31,41,25,4,4,2,0,0,0,0
10426,14,Groningen,117155,124,"0,11 %",144046,117279,"81,42 %",15363,45615,16208,12031,3194,11850,7134,4349,192,542,273,110,88,21,174,0,0,11,0
11080,15,Grootegast,7296,4,"0,05 %",8785,7300,"83,10 %",3349,1568,727,307,263,200,137,609,70,29,18,7,6,1,4,0,0,1,0
11032,1729,Gulpen-Wittem,9734,9,"0,09 %",11730,9743,"83,06 %",4621,2295,1074,502,464,413,238,30,4,37,32,9,7,1,2,5,0,0,0
11435,158,Haaksbergen,15490,19,"0,12 %",18244,15509,"85,01 %",7341,3424,2475,616,550,453,479,59,7,0,40,25,9,0,6,6,0,0,0
11155,788,Haaren,8561,6,"0,07 %",10447,8567,"82,00 %",4000,1554,1517,426,333,321,284,27,4,21,38,18,8,0,5,5,0,0,0
10357,392,Haarlem,87797,91,"0,10 %",112100,87888,"78,40 %",16298,27428,16344,7229,4886,7257,5702,976,128,785,350,123,113,72,58,32,0,16,0
10508,393,Haarlemmerliede en Spaarnwoude,3542,4,"0,11 %",4096,3546,"86,57 %",1057,691,912,174,226,177,236,21,4,22,11,3,4,0,2,2,0,0,0
11387,394,Haarlemmermeer,73990,68,"0,09 %",89689,74058,"82,57 %",20218,15273,20617,3367,4868,3328,3670,1093,499,424,367,86,73,18,37,31,0,21,0
10321,914,Haelen,6004,11,"0,18 %",7730,6015,"77,81 %",2560,1267,1032,301,310,211,222,8,4,50,24,10,2,2,0,1,0,0,0
10397,1655,Halderberge,17374,16,"0,09 %",22665,17390,"76,73 %",6117,4170,3393,1009,1305,544,529,75,11,62,81,39,19,6,3,7,0,4,0
10174,160,Hardenberg,36667,18,"0,05 %",42453,36685,"86,41 %",15805,8465,3884,1277,1205,882,642,3941,367,0,119,49,20,0,8,3,0,0,0
10786,243,Harderwijk,24812,16,"0,06 %",29766,24828,"83,41 %",9724,4412,4412,980,1084,1087,767,1547,523,83,85,30,19,45,6,6,0,2,0
10167,523,Hardinxveld-Giessendam,11477,8,"0,07 %",13036,11485,"88,10 %",3782,2096,1272,297,502,161,147,1318,1822,32,28,7,4,2,3,3,0,1,0
11058,17,Haren,13023,6,"0,05 %",14451,13029,"90,16 %",3075,3656,3050,484,328,875,897,544,49,34,15,5,6,0,4,0,0,1,0
10963,395,Harenkarspel,9820,3,"0,03 %",11638,9823,"84,40 %",3405,2074,2197,491,534,490,451,49,3,49,51,16,4,2,4,0,0,0,0
10909,72,Harlingen,9383,5,"0,05 %",11638,9388,"80,67 %",2254,3511,1369,654,431,460,281,280,8,38,63,14,12,2,5,0,0,1,0
10673,244,Hattem,7875,5,"0,06 %",8892,7880,"88,62 %",2692,2161,1043,228,186,209,221,984,92,29,19,8,1,0,1,1,0,0,0
11208,1937,Heel,4775,10,"0,21 %",6393,4785,"74,85 %",2007,1085,809,286,212,139,162,3,2,40,24,4,0,1,1,0,0,0,0
10679,396,Heemskerk,21608,17,"0,08 %",26772,21625,"80,77 %",6176,6046,3993,1292,1399,1287,873,183,28,121,125,26,25,13,14,4,0,3,0
11288,397,Heemstede,17212,10,"0,06 %",19462,17222,"88,49 %",4479,3152,5551,713,660,965,1376,131,20,95,38,10,15,0,3,2,0,2,0
10291,246,Heerde,11983,6,"0,05 %",13843,11989,"86,61 %",4846,3213,1412,324,391,261,234,915,277,59,26,18,0,0,3,1,0,3,0
10680,74,Heerenveen,25936,24,"0,09 %",32183,25960,"80,66 %",5602,10677,4008,1610,892,1177,885,688,33,107,169,35,22,1,23,0,0,7,0
10752,398,Heerhugowaard,27622,26,"0,09 %",34371,27648,"80,44 %",7536,7345,6245,1518,1510,1425,1246,326,22,144,203,46,21,15,13,0,0,7,0
10902,917,Heerlen,49681,53,"0,11 %",72495,49734,"68,60 %",13886,15369,5385,7162,3046,2334,1358,280,45,325,283,79,65,10,23,31,0,0,0
10462,1658,Heeze-Leende,9889,10,"0,10 %",11667,9899,"84,85 %",4307,1846,1936,503,423,319,403,12,7,25,66,35,4,0,2,0,0,1,0
10793,399,Heiloo,14880,17,"0,11 %",16932,14897,"87,98 %",4205,3439,3817,670,653,872,918,106,5,72,49,16,21,3,30,0,0,4,0
10205,918,Helden,11373,7,"0,06 %",14461,11380,"78,69 %",5664,2009,1701,598,564,426,253,21,4,44,64,14,3,1,1,6,0,0,0
10806,163,Hellendoorn,24042,16,"0,07 %",27610,24058,"87,14 %",13019,4730,2490,874,724,693,493,808,93,0,68,31,6,0,6,7,0,0,0
11078,530,Hellevoetsluis,22502,59,"0,26 %",29525,22561,"76,41 %",4032,6318,5775,1309,2553,919,853,250,82,161,144,26,38,4,10,13,3,3,9
10932,794,Helmond,44289,64,"0,14 %",61131,44353,"72,55 %",12194,12457,7909,4348,3354,1674,1362,201,13,260,256,138,50,9,28,20,6,10,0
10416,531,Hendrik Ido Ambacht,13581,6,"0,04 %",15831,13587,"85,83 %",3912,2724,2563,428,967,309,417,453,1651,70,52,6,14,2,3,7,0,0,3
10907,164,Hengelo (O),50274,65,"0,13 %",60915,50339,"82,64 %",15225,15446,7930,3905,1826,2590,2104,876,47,0,172,76,38,0,16,23,0,0,0
10359,248,Hengelo Gld,5548,9,"0,16 %",6534,5557,"85,05 %",2700,1320,804,170,222,116,126,30,4,15,19,20,2,0,0,0,0,0,0
10128,63,het Bildt,6557,4,"0,06 %",7965,6561,"82,37 %",2390,2056,767,453,306,235,121,119,10,40,35,6,14,0,5,0,0,0,0
10600,252,Heumen,10626,14,"0,13 %",12176,10640,"87,39 %",3672,2623,1944,625,379,707,551,23,2,41,40,13,4,0,2,0,0,0,0
10307,797,Heusden,25871,20,"0,08 %",31989,25891,"80,94 %",9443,5865,4824,1859,1479,927,947,125,50,83,126,84,29,11,5,4,4,6,0
10840,920,Heythuysen,7201,12,"0,17 %",9034,7213,"79,84 %",3551,1236,1114,377,352,239,224,25,2,43,25,7,4,0,1,1,0,0,0
11236,534,Hillegom,12875,11,"0,09 %",15506,12886,"83,10 %",4349,2475,3060,640,877,564,544,101,67,78,73,24,17,0,2,1,0,3,0
11297,798,Hilvarenbeek,9471,12,"0,13 %",11134,9483,"85,17 %",4313,1872,1619,603,346,345,284,6,2,14,27,22,7,6,1,4,0,0,0
11285,402,Hilversum,51775,40,"0,08 %",63466,51815,"81,64 %",11466,13913,11588,3715,2689,3346,3176,906,263,337,184,48,69,25,18,24,0,8,0
10076,1735,Hof van Twente,23422,14,"0,06 %",26751,23436,"87,61 %",9478,5942,4652,886,745,654,710,167,31,0,82,47,12,0,6,10,0,0,0
10839,118,Hoogeveen,33008,24,"0,07 %",40702,33032,"81,16 %",12257,10100,3719,1591,1307,1057,726,1594,343,106,142,33,19,1,8,5,0,0,0
10410,18,Hoogezand-Sappemeer,19753,14,"0,07 %",25596,19767,"77,23 %",2984,9421,2727,1385,782,858,629,645,32,95,85,25,18,32,30,0,0,5,0
11392,405,Hoorn,39810,53,"0,13 %",49944,39863,"79,82 %",8308,12233,8280,3137,2434,2375,2076,327,30,248,200,49,55,27,28,0,0,3,0
11108,1507,Horst a/d Maas,17011,9,"0,05 %",21251,17020,"80,09 %",8763,2788,2332,1343,664,478,404,31,13,56,82,24,15,6,7,5,0,0,0
10230,321,Houten,24601,23,"0,09 %",28633,24624,"86,00 %",6958,5548,5210,1321,1092,1533,1373,821,498,95,91,21,20,5,8,1,4,2,0
11170,406,Huizen,26458,37,"0,14 %",30858,26495,"85,86 %",7833,5533,6221,1215,1230,1313,1326,985,444,175,111,29,23,6,8,3,0,3,0
11408,677,Hulst,15620,8,"0,05 %",19977,15628,"78,23 %",6104,4300,2355,778,926,537,412,57,13,63,51,9,11,1,3,0,0,0,0
11235,256,Hummelo en Keppel,3136,0,"0,00 %",3544,3136,"88,49 %",1118,757,732,125,101,107,143,12,8,14,7,9,0,2,1,0,0,0,0
10784,925,Hunsel,3644,5,"0,14 %",4537,3649,"80,43 %",1844,690,520,198,143,111,82,2,2,25,16,6,3,0,1,1,0,0,0
10152,353,IJsselstein,19422,24,"0,12 %",23910,19446,"81,33 %",5291,4815,4548,1064,1063,892,957,276,235,84,114,43,9,6,5,12,4,4,0
10461,645,Jacobswoude,7032,8,"0,11 %",8056,7040,"87,39 %",2813,1086,1580,303,475,239,318,63,57,46,27,13,6,1,0,3,1,1,0
10253,166,Kampen,30514,31,"0,10 %",35479,30545,"86,09 %",11702,6541,2619,1248,935,1147,546,3148,2487,0,84,30,17,0,7,3,0,0,0
11223,678,Kapelle,7474,5,"0,07 %",8586,7479,"87,11 %",2969,1361,1153,238,325,237,190,248,689,29,19,6,10,0,0,0,0,0,0
10707,537,Katwijk,25066,21,"0,08 %",30560,25087,"82,09 %",12180,3061,2867,686,1165,544,457,1436,2410,113,83,17,14,23,4,2,2,2,0
10313,928,Kerkrade,24764,24,"0,10 %",36593,24788,"67,74 %",7516,8836,2614,2305,1610,913,428,78,10,161,184,29,45,10,13,12,0,0,0
10890,929,Kessel,2644,11,"0,42 %",3205,2655,"82,84 %",1354,496,409,91,130,65,53,5,2,9,19,10,0,0,1,0,0,0,0
10916,258,Kesteren,13706,9,"0,07 %",15664,13715,"87,56 %",3606,3564,1682,327,506,210,235,401,3072,48,23,18,11,2,1,0,0,0,0
10984,79,Kollumerland en Nieuwkruisland,8240,19,"0,23 %",9946,8259,"83,04 %",3955,1961,682,379,319,239,138,376,77,41,44,14,7,0,6,0,0,2,0
10914,588,Korendijk,6998,6,"0,09 %",8164,7004,"85,79 %",1932,1362,1230,254,525,162,190,157,1078,52,24,6,7,0,1,16,0,1,1
10859,542,Krimpen aan den IJssel,18769,20,"0,11 %",21886,18789,"85,85 %",4335,4441,3373,686,1568,569,637,827,2133,89,55,18,23,3,2,4,5,1,0
10173,1659,Laarbeek,13389,9,"0,07 %",16304,13398,"82,18 %",5525,2962,2128,1002,744,429,369,24,5,66,65,48,7,1,4,5,1,4,0
10276,1685,Landerd,9382,7,"0,07 %",10972,9389,"85,57 %",4372,1766,1353,957,373,231,208,15,4,29,43,18,6,0,3,3,1,0,0
11335,882,Landgraaf,22207,19,"0,09 %",30619,22226,"72,59 %",7021,7064,2564,2389,1184,939,604,87,16,144,115,35,22,3,12,8,0,0,0
11225,415,Landsmeer,6770,6,"0,09 %",7913,6776,"85,63 %",1119,2028,1821,377,557,339,402,36,14,41,30,1,1,0,4,0,0,0,0
10955,416,Langedijk,15657,15,"0,10 %",18373,15672,"85,30 %",4846,3420,3660,833,748,833,822,285,19,68,80,19,10,4,7,0,0,3,0
10649,417,Laren,7510,4,"0,05 %",8600,7514,"87,37 %",2090,1220,2796,276,293,298,445,24,2,41,13,4,5,1,0,1,0,1,0
10604,22,Leek,12041,5,"0,04 %",14203,12046,"84,81 %",3220,4057,1757,650,449,525,367,838,59,41,50,18,5,0,4,0,0,1,0
10685,545,Leerdam,12495,16,"0,13 %",15210,12511,"82,26 %",3725,3249,1932,549,779,425,350,533,780,57,33,18,7,47,3,7,0,0,1
11142,326,Leersum,4855,4,"0,08 %",5521,4859,"88,01 %",1488,947,1238,152,231,263,212,89,198,18,8,5,3,0,0,1,0,2,0
11228,80,Leeuwarden,57074,47,"0,08 %",70999,57121,"80,45 %",11161,23252,7046,5184,2186,3848,2222,1397,74,297,224,64,49,47,19,0,0,4,0
10851,81,Leeuwarderadeel,6915,7,"0,10 %",7794,6922,"88,81 %",2119,2574,944,369,217,267,199,137,4,26,42,14,1,0,2,0,0,0,0
10702,546,Leiden,70638,119,"0,17 %",88436,70757,"80,01 %",10960,22285,12647,5559,4266,7115,5941,832,183,438,196,69,55,30,25,16,8,13,0
10058,547,Leiderdorp,16517,24,"0,15 %",19533,16541,"84,68 %",4305,3992,3964,784,948,933,1095,204,120,61,63,18,11,10,2,2,4,1,0
11103,1916,Leidschendam-Voorburg,46496,58,"0,12 %",56199,46554,"82,84 %",13073,9791,11592,2308,3427,2351,2700,427,131,362,169,35,58,19,18,16,11,8,0
11110,995,Lelystad,37072,50,"0,13 %",49913,37122,"74,37 %",6918,11173,7947,2577,3053,2163,1573,815,148,285,242,52,59,23,29,0,0,15,0
10142,82,Lemsterland,8071,3,"0,04 %",9775,8074,"82,60 %",2623,2360,1320,456,454,256,205,170,34,36,50,10,3,3,90,0,0,1,0
10978,327,Leusden,18796,12,"0,06 %",21284,18808,"88,37 %",6032,3706,4452,808,678,976,1035,737,229,50,54,18,8,1,6,3,1,2,0
10242,260,Lichtenvoorde,12217,10,"0,08 %",14218,12227,"86,00 %",6143,2418,1806,635,392,375,311,20,2,25,45,27,3,0,2,11,0,2,0
10487,1673,Liemeer,3983,3,"0,08 %",4827,3986,"82,58 %",1820,508,843,157,267,110,110,75,45,15,10,19,3,0,0,1,0,0,0
11205,694,Liesveld,6325,3,"0,05 %",6959,6328,"90,93 %",2341,1065,986,189,289,112,115,504,663,23,24,5,2,0,2,4,0,0,1
11376,733,Lingewaal,6936,3,"0,04 %",7946,6939,"87,33 %",2375,1708,1215,206,469,178,182,272,266,19,31,8,3,1,3,0,0,0,0
10744,1705,Lingewaard,26722,19,"0,07 %",32394,26741,"82,55 %",9885,7074,4630,1460,1080,1107,1108,94,15,109,92,28,28,1,7,3,0,1,0
10197,553,Lisse,14079,8,"0,06 %",16484,14087,"85,46 %",5429,2177,2991,584,871,477,565,241,593,64,61,12,8,1,2,3,0,0,0
11219,808,Lith,4179,13,"0,31 %",4977,4192,"84,23 %",1776,753,670,467,242,99,100,12,0,7,25,14,6,2,1,3,1,1,0
10422,140,Littenseradiel,6864,4,"0,06 %",7879,6868,"87,17 %",2565,1966,916,421,206,388,198,104,7,25,56,8,2,1,0,0,0,1,0
11263,262,Lochem,12901,8,"0,06 %",14946,12909,"86,37 %",3761,3937,2857,546,399,625,582,57,11,55,34,22,5,5,0,3,0,2,0
11202,329,Loenen,5603,0,"0,00 %",6268,5603,"89,39 %",1691,1044,1483,255,287,251,347,82,99,33,13,7,8,0,1,2,0,0,0
11259,809,Loon op Zand,13749,12,"0,09 %",17489,13761,"78,68 %",5348,3023,2568,877,720,477,441,48,71,61,65,28,8,2,2,4,3,3,0
10333,331,Lopik,8635,8,"0,09 %",9896,8643,"87,34 %",3862,1248,1295,289,555,209,163,444,488,27,41,8,4,1,1,0,0,0,0
10934,24,Loppersum,7193,5,"0,07 %",8296,7198,"86,76 %",2332,2349,745,364,231,399,183,444,77,25,25,9,5,0,5,0,0,0,0
11166,168,Losser,14103,7,"0,05 %",17007,14110,"82,97 %",6429,3695,1890,622,545,426,325,61,4,0,55,31,11,0,5,4,0,0,0
10392,332,Maarn,4060,3,"0,07 %",4418,4063,"91,96 %",1220,746,1151,152,167,187,231,55,112,19,10,1,6,3,0,0,0,0,0
10191,333,Maarssen,24364,25,"0,10 %",29803,24389,"81,83 %",6285,6195,5738,1322,1496,1325,1222,340,101,157,79,24,26,9,8,13,20,4,0
10964,933,Maasbracht,8249,4,"0,05 %",10711,8253,"77,05 %",3590,1767,1274,476,493,284,198,47,5,55,46,6,4,0,3,1,0,0,0
11352,934,Maasbree,7842,2,"0,03 %",9576,7844,"81,91 %",3867,1359,1271,329,391,280,230,12,7,43,30,19,1,0,0,3,0,0,0
10370,1671,Maasdonk,6991,7,"0,10 %",8421,6998,"83,10 %",3142,1204,1120,814,344,160,121,8,6,9,36,12,4,4,2,2,0,3,0
10341,263,Maasdriel,14918,6,"0,04 %",17794,14924,"83,87 %",5889,2966,2902,764,1090,435,377,85,251,59,64,21,14,0,1,0,0,0,0
10393,555,Maasland,4617,8,"0,17 %",4995,4625,"92,59 %",2358,527,867,111,326,128,122,117,27,19,9,0,1,2,2,1,0,0,0
10880,556,Maassluis,19808,17,"0,09 %",24582,19825,"80,65 %",5555,4990,3984,962,2082,648,686,455,111,119,102,21,28,42,5,8,1,3,6
10182,935,Maastricht,68405,48,"0,07 %",95131,68453,"71,96 %",18303,23218,9403,4831,3634,4607,3108,320,27,530,195,84,85,18,21,21,0,0,0
11243,936,Margraten,8714,7,"0,08 %",10164,8721,"85,80 %",4313,1797,1120,366,361,333,315,22,3,47,19,6,5,0,4,3,0,0,0
11431,25,Marum,6185,6,"0,10 %",7484,6191,"82,72 %",1868,1925,1010,295,340,199,188,244,32,29,38,12,4,0,1,0,0,0,0
11215,420,Medemblik,4532,5,"0,11 %",5794,4537,"78,31 %",1336,999,978,282,433,184,156,60,7,30,26,11,1,23,5,0,0,1,0
11416,993,Meerlo-Wanssum,4780,7,"0,15 %",5793,4787,"82,63 %",2395,918,618,283,222,167,115,3,2,14,25,11,5,0,1,1,0,0,0
10494,938,Meerssen,12585,8,"0,06 %",15590,12593,"80,78 %",5297,3032,1845,658,623,553,383,34,1,84,41,11,16,1,4,2,0,0,0
10925,941,Meijel,3543,15,"0,42 %",4449,3558,"79,97 %",1771,673,573,157,195,78,53,0,2,18,13,8,1,0,1,0,0,0,0
11144,83,Menaldumadeel,9187,5,"0,05 %",10547,9192,"87,15 %",2973,3175,1307,452,343,414,256,159,7,23,52,19,3,0,2,0,0,2,0
11282,1987,Menterwolde,7872,1,"0,01 %",9793,7873,"80,39 %",1076,3979,1042,618,348,281,211,184,19,41,28,16,8,1,18,0,0,2,0
11204,119,Meppel,19321,16,"0,08 %",23062,19337,"83,85 %",4762,6808,3483,1026,710,796,736,793,43,69,59,13,8,4,4,7,0,0,0
10122,687,Middelburg,28494,22,"0,08 %",34647,28516,"82,30 %",7901,7364,3891,1914,1186,1627,990,1314,2007,164,74,18,23,10,11,0,0,0,0
11067,559,Middelharnis,10991,12,"0,11 %",13216,11003,"83,26 %",3049,2525,1636,397,635,244,250,626,1527,46,30,11,4,0,1,0,1,2,7
10520,1731,Midden-Drenthe,21434,17,"0,08 %",24893,21451,"86,17 %",6098,7759,3700,910,815,801,643,458,58,71,79,22,14,0,6,0,0,0,0
10215,814,Mierlo,6450,4,"0,06 %",7728,6454,"83,51 %",2490,1367,1172,440,364,251,261,25,0,30,23,16,3,1,1,2,1,3,0
10535,815,Mill en Sint Hubert,7242,6,"0,08 %",8527,7248,"85,00 %",3461,1463,971,662,306,175,121,17,5,14,25,16,2,0,0,3,0,1,0
10072,265,Millingen aan de Rijn,3573,1,"0,03 %",4434,3574,"80,60 %",1020,1422,481,226,135,130,109,6,2,18,9,14,1,0,0,0,0,0,0
10046,1709,Moerdijk,22256,19,"0,09 %",28014,22275,"79,51 %",7571,5186,4379,1427,1519,745,626,350,115,125,123,49,17,12,2,9,1,0,0
10019,562,Monster,12561,14,"0,11 %",15186,12575,"82,81 %",5283,1660,2551,309,1245,320,352,298,348,80,57,15,29,0,1,6,3,3,1
10033,335,Montfoort,8663,5,"0,06 %",9731,8668,"89,08 %",3298,1350,1611,301,647,366,329,282,396,29,32,7,5,3,4,3,0,0,0
10271,944,Mook en Middelaar,5147,4,"0,08 %",6030,5151,"85,42 %",1672,1230,1038,325,218,324,275,9,2,22,24,5,1,0,0,2,0,0,0
10120,563,Moordrecht,4761,4,"0,08 %",5736,4765,"83,07 %",1286,1157,1015,188,382,168,191,108,185,35,25,7,3,2,0,7,2,0,0
10958,424,Muiden,4399,2,"0,05 %",4945,4401,"89,00 %",998,1123,1176,223,212,220,362,30,7,21,13,11,3,0,0,0,0,0,0
11418,565,Naaldwijk,18179,14,"0,08 %",21285,18193,"85,47 %",8532,2187,3891,456,1643,405,440,256,147,78,93,15,17,1,4,6,5,2,1
10187,425,Naarden,10951,2,"0,02 %",12438,10953,"88,06 %",2611,2111,3738,425,457,543,811,98,59,59,23,8,6,0,2,0,0,0,0
10050,643,Nederlek,9862,10,"0,10 %",11272,9872,"87,58 %",2289,2762,2111,407,786,300,341,193,551,60,32,12,11,0,3,2,1,1,0
10681,946,Nederweert,9816,14,"0,14 %",12303,9830,"79,90 %",4576,2039,1646,462,555,243,180,7,1,31,41,15,4,2,8,6,0,0,0
10367,266,Neede,7546,3,"0,04 %",8646,7549,"87,31 %",2519,2579,1206,300,313,227,200,124,5,28,27,13,1,0,3,1,0,0,0
10125,304,Neerijnen,7304,15,"0,21 %",8480,7319,"86,31 %",2212,1852,1360,232,381,171,157,134,734,32,21,13,3,0,2,0,0,0,0
10923,412,Niedorp,7161,4,"0,06 %",8566,7165,"83,64 %",1848,2020,1662,413,460,292,321,23,3,28,68,9,7,3,2,0,0,2,0
10374,356,Nieuwegein,37459,44,"0,12 %",47221,37503,"79,42 %",9217,10629,7758,2449,2384,2083,1747,504,134,231,197,45,27,9,11,18,11,5,0
10855,567,Nieuwerkerk aan den IJssel,13850,18,"0,13 %",16217,13868,"85,52 %",3761,2671,3513,539,1128,462,607,577,415,68,57,19,15,1,2,9,5,1,0
10728,569,Nieuwkoop,6924,4,"0,06 %",8229,6928,"84,19 %",2574,1186,1567,297,385,269,343,152,95,25,17,5,4,2,1,2,0,0,0
10547,571,Nieuw-Lekkerland,5775,3,"0,05 %",6483,5778,"89,13 %",1415,1288,525,181,272,112,77,567,1276,21,23,7,1,0,3,5,0,2,0
10768,104,Nijefurd,7261,5,"0,07 %",8341,7266,"87,11 %",3128,1729,949,386,280,327,169,155,11,25,78,11,8,0,5,0,0,0,0
10446,267,Nijkerk,23702,15,"0,06 %",27701,23717,"85,62 %",9562,3926,4076,713,1032,759,690,1423,1338,62,54,31,14,3,6,9,0,4,0
11209,268,Nijmegen,92661,152,"0,16 %",120126,92813,"77,26 %",17714,30228,11244,11412,3561,11462,5235,562,50,414,271,139,82,240,47,0,0,0,0
10250,1695,Noord-Beveland,4689,5,"0,11 %",5588,4694,"84,00 %",1659,1050,887,263,258,147,103,81,194,26,15,3,3,0,0,0,0,0,0
11020,1699,Noordenveld,20765,15,"0,07 %",24242,20780,"85,72 %",4096,7772,4252,962,875,1081,975,485,45,94,69,28,16,5,7,3,0,0,0
10924,529,Noorder-Koggenland,6723,7,"0,10 %",7893,6730,"85,27 %",1704,1601,1670,402,458,324,287,99,72,49,38,8,8,0,2,0,0,1,0
10144,171,Noordoostpolder,27340,11,"0,04 %",32124,27351,"85,14 %",11344,5657,4044,1098,1187,922,749,1531,541,89,90,27,23,17,12,0,0,9,0
10769,575,Noordwijk,15230,29,"0,19 %",18533,15259,"82,33 %",4987,2869,4011,700,1001,673,613,151,32,78,61,18,16,0,8,3,2,7,0
11134,576,Noordwijkerhout,9366,12,"0,13 %",11166,9378,"83,99 %",3714,1474,2211,438,638,369,348,39,8,49,43,14,8,1,6,2,0,4,0
10761,820,Nuenen c.a.,15274,11,"0,07 %",17574,15285,"86,98 %",5464,3004,3463,874,741,687,789,65,9,45,66,53,10,0,2,2,0,0,0
10512,302,Nunspeet,17109,14,"0,08 %",19268,17123,"88,87 %",6919,1732,2121,370,668,311,309,1446,3116,48,28,13,13,2,4,7,0,2,0
10104,951,Nuth,10495,10,"0,10 %",12752,10505,"82,38 %",4693,2587,1319,575,503,422,240,30,6,54,41,7,9,2,2,5,0,0,0
11338,429,Obdam,4211,2,"0,05 %",4880,4213,"86,33 %",1757,746,933,177,181,160,160,16,3,28,36,9,3,0,1,0,0,1,0
10287,579,Oegstgeest,13332,16,"0,12 %",15035,13348,"88,78 %",3381,2684,3895,498,529,834,1139,205,30,76,38,5,5,2,2,3,1,5,0
10225,823,Oirschot,11234,22,"0,20 %",13449,11256,"83,69 %",5428,2075,1878,628,539,282,274,11,7,33,31,39,2,2,1,0,3,1,0
10103,824,Oisterwijk,16104,7,"0,04 %",19405,16111,"83,02 %",6290,3389,3247,1034,643,657,631,52,8,42,60,19,22,0,0,7,0,3,0
11106,269,Oldebroek,14153,5,"0,04 %",16717,14158,"84,69 %",5888,2389,1181,315,450,187,167,1847,1655,26,25,15,3,1,1,3,0,0,0
11100,173,Oldenzaal,20192,32,"0,16 %",23820,20224,"84,90 %",8278,5169,3195,1171,696,859,650,72,5,0,56,27,4,0,7,3,0,0,0
10409,1773,Olst-Wijhe,11013,8,"0,07 %",12759,11021,"86,38 %",4151,3436,1619,463,356,467,299,113,38,0,38,17,7,0,6,3,0,0,0
11069,175,Ommen,11326,10,"0,09 %",12803,11336,"88,54 %",5527,1771,1454,365,333,308,288,1127,107,0,23,12,3,0,5,3,0,0,0
10492,881,Onderbanken,4977,7,"0,14 %",6365,4984,"78,30 %",1964,1384,611,364,271,190,111,19,1,30,18,7,4,1,1,1,0,0,0
11280,826,Oosterhout,31435,34,"0,11 %",39952,31469,"78,77 %",8916,8601,6678,2144,1818,1303,1367,110,14,152,143,55,34,82,6,4,2,6,0
10714,580,Oostflakkee,6445,7,"0,11 %",7859,6452,"82,10 %",1980,1836,859,236,415,132,151,250,496,43,33,2,4,1,1,4,1,0,1
10836,85,Ooststellingwerf,16803,29,"0,17 %",20224,16832,"83,23 %",4420,6467,2418,914,703,762,409,417,60,90,88,28,12,3,8,0,0,4,0
11303,431,Oostzaan,5827,6,"0,10 %",6900,5833,"84,54 %",991,1660,1603,318,503,305,273,53,17,48,40,3,9,0,3,0,0,1,0
10609,432,Opmeer,7032,5,"0,07 %",8272,7037,"85,07 %",2783,1395,1517,313,394,263,240,26,7,28,41,15,5,0,1,0,0,4,0
10005,86,Opsterland,18465,9,"0,05 %",21709,18474,"85,10 %",4864,6748,2471,1096,610,873,527,964,107,38,96,28,13,1,28,0,0,1,0
10834,828,Oss,44680,43,"0,10 %",57061,44723,"78,38 %",13103,9551,7277,9167,1797,1465,1466,134,22,149,175,97,25,217,12,16,3,4,0
11301,584,Oud-Beijerland,14589,13,"0,09 %",17241,14602,"84,69 %",3996,3164,3047,580,1042,495,545,392,1130,81,69,9,24,0,3,7,0,0,5
10998,437,Ouder-Amstel,8439,7,"0,08 %",9838,8446,"85,85 %",2302,1932,2081,431,431,456,595,66,47,54,25,10,5,0,0,3,0,1,0
10095,644,Ouderkerk,5246,6,"0,11 %",6028,5252,"87,13 %",1520,1129,908,146,293,121,132,294,641,25,19,3,8,0,1,5,0,1,0
10188,589,Oudewater,6329,12,"0,19 %",7317,6341,"86,66 %",2912,930,1127,214,396,173,185,191,143,22,20,6,4,0,1,4,0,1,0
11188,1734,Overbetuwe,25023,16,"0,06 %",30180,25039,"82,97 %",8888,6254,4208,1371,962,1131,1091,398,471,82,91,32,29,2,5,6,0,2,0
10427,590,Papendrecht,19081,13,"0,07 %",23020,19094,"82,95 %",5515,4672,3840,804,1379,602,658,736,638,80,88,16,26,2,9,8,0,2,6
10848,765,Pekela,7976,10,"0,13 %",10287,7986,"77,63 %",1308,4312,663,542,301,444,127,156,13,28,33,15,7,0,26,0,0,1,0
10031,1926,Pijnacker-Nootdorp,21875,34,"0,16 %",25262,21909,"86,73 %",8095,3658,5152,741,1423,912,1067,339,196,112,121,15,21,1,4,8,8,2,0
11066,439,Purmerend,42994,38,"0,09 %",55709,43032,"77,24 %",7417,13442,10093,2982,3725,2054,2059,330,27,364,315,58,54,12,51,0,0,11,0
11109,273,Putten,15028,9,"0,06 %",17251,15037,"87,17 %",7035,1839,2045,328,792,333,302,1221,1001,48,49,18,3,7,2,1,0,4,0
10279,177,Raalte,23484,21,"0,09 %",27409,23505,"85,76 %",12744,4690,2725,851,643,806,629,251,31,0,58,39,8,0,6,3,0,0,0
10485,595,Reeuwijk,8556,3,"0,04 %",9608,8559,"89,08 %",3069,1152,2140,208,556,230,330,258,557,14,19,8,8,0,2,1,3,1,0
11043,1661,Reiderland,4196,7,"0,17 %",5531,4203,"75,99 %",275,2227,359,483,216,163,49,22,2,17,16,5,4,1,354,0,0,3,0
10077,703,Reimerswaal,12779,9,"0,07 %",14960,12788,"85,48 %",4067,1940,1518,433,641,215,177,304,3371,41,38,13,8,8,5,0,0,0,0
11325,274,Renkum,21137,12,"0,06 %",24946,21149,"84,78 %",5877,5623,4516,1130,722,1512,1137,296,84,126,48,16,40,2,3,4,0,1,0
10269,339,Renswoude,2688,1,"0,04 %",3007,2689,"89,42 %",1369,238,409,72,131,25,36,100,294,3,8,2,1,0,0,0,0,0,0
10162,1667,Reusel-De Mierden,7585,6,"0,08 %",9239,7591,"82,16 %",3896,1320,1164,427,334,183,157,6,2,19,44,23,4,2,0,2,0,2,0
11355,275,Rheden,29359,25,"0,09 %",35110,29384,"83,69 %",7231,9811,5307,2016,1163,1648,1337,473,62,139,99,23,32,5,6,2,0,5,0
10309,340,Rhenen,11319,6,"0,05 %",13259,11325,"85,41 %",3283,2564,1964,426,559,391,366,271,1375,45,46,10,14,1,2,2,0,0,0
10646,597,Ridderkerk,29274,48,"0,16 %",35719,29322,"82,09 %",7676,7747,4652,1190,2658,752,817,1114,2260,158,144,36,27,10,6,13,4,4,6
11118,602,Rijnsburg,9093,3,"0,03 %",10678,9096,"85,18 %",4957,951,1334,183,386,208,192,648,163,33,26,3,1,5,0,2,0,1,0
10819,196,Rijnwaarden,6744,14,"0,21 %",8538,6758,"79,15 %",2207,2273,991,392,358,211,181,24,4,39,41,13,6,0,3,1,0,0,0
11257,1672,Rijnwoude,12462,15,"0,12 %",14284,12477,"87,35 %",4602,2186,2433,507,696,395,533,325,656,43,44,20,10,1,0,9,1,1,0
10358,178,Rijssen,23604,18,"0,08 %",25907,23622,"91,18 %",8656,3730,2262,504,609,381,351,1940,5079,0,37,34,9,0,5,7,0,0,0
11133,603,Rijswijk,30304,47,"0,16 %",38200,30351,"79,45 %",7821,7139,6863,1420,2887,1508,1604,308,108,254,278,22,34,14,9,13,19,1,2
10196,1669,Roerdalen,6205,10,"0,16 %",7901,6215,"78,66 %",2531,1472,1072,342,351,214,141,13,1,33,18,1,12,0,3,1,0,0,0
11313,957,Roermond,23581,25,"0,11 %",33719,23606,"70,01 %",7214,6324,4237,1699,1454,1319,797,73,14,197,85,27,34,91,6,10,0,0,0
10505,1670,Roggel en Neer,5054,6,"0,12 %",6315,5060,"80,13 %",2458,943,816,271,202,185,116,7,0,27,15,13,1,0,0,0,0,0,0
10407,1674,Roosendaal,43626,26,"0,06 %",57813,43652,"75,51 %",13732,10639,8914,2987,3353,1754,1414,175,29,193,235,79,49,35,17,12,3,6,0
10345,599,Rotterdam Centraal,299163,760,"0,25 %",429369,299923,"69,85 %",43639,108252,44159,20504,41304,16837,11861,4261,2135,2307,1158,361,420,1140,186,230,302,0,107
11314,600,Rozenburg,7845,12,"0,15 %",10114,7857,"77,68 %",1864,2175,1558,475,792,270,315,186,41,53,70,10,17,1,5,6,2,0,5
10684,277,Rozendaal,1125,0,"0,00 %",1190,1125,"94,54 %",279,165,480,29,36,41,71,6,5,4,3,1,5,0,0,0,0,0,0
11152,840,Rucphen,12249,11,"0,09 %",17943,12260,"68,33 %",3975,3534,2117,682,1269,257,193,26,3,58,72,29,22,2,4,2,0,4,0
10879,278,Ruurlo,5520,1,"0,02 %",6529,5521,"84,56 %",1958,1453,1342,184,184,162,160,17,5,17,22,9,2,3,0,1,0,1,0
10612,604,Sassenheim,9547,11,"0,12 %",11123,9558,"85,93 %",3610,1676,2219,441,543,421,420,70,22,48,44,13,9,1,1,3,6,0,0
10511,441,Schagen,11217,11,"0,10 %",13638,11228,"82,33 %",2494,3332,2695,642,563,663,591,85,8,53,57,20,6,2,5,0,0,1,0
10711,39,Scheemda,9235,5,"0,05 %",11108,9240,"83,18 %",2051,4252,956,635,317,341,218,289,14,43,30,17,8,0,64,0,0,0,0
10308,458,Schermer,3163,3,"0,09 %",3607,3166,"87,77 %",1070,681,716,169,171,150,143,18,5,19,12,4,3,0,1,0,0,1,0
11146,279,Scherpenzeel,5954,3,"0,05 %",6614,5957,"90,07 %",2396,809,969,124,232,120,137,257,867,11,18,7,5,0,0,2,0,0,0
11260,606,Schiedam,40972,79,"0,19 %",55464,41051,"74,01 %",8020,13384,6681,2973,5174,1900,1443,443,133,293,194,60,55,143,29,20,20,2,5
10355,88,Schiermonnikoog,735,1,"0,14 %",805,736,"91,43 %",206,241,142,36,20,37,31,9,2,3,6,2,0,0,0,0,0,0,0
11178,844,Schijndel,13576,38,"0,28 %",17490,13614,"77,84 %",4845,3132,2140,1802,649,411,407,11,9,67,42,40,10,0,4,3,4,0,0
10132,962,Schinnen,8602,5,"0,06 %",10335,8607,"83,28 %",3653,2196,1127,450,362,398,258,52,1,44,38,12,7,0,0,4,0,0,0
10130,607,Schipluiden,7204,4,"0,06 %",7977,7208,"90,36 %",3297,1037,1474,253,349,273,309,113,29,24,24,9,9,0,0,1,0,2,1
10980,608,Schoonhoven,7831,6,"0,08 %",9118,7837,"85,95 %",2331,1809,1520,395,563,339,340,265,189,33,20,15,6,0,2,4,0,0,0
10843,1676,Schouwen-Duiveland,22533,67,"0,30 %",26602,22600,"84,96 %",6571,5029,4703,935,1310,736,642,657,1673,141,95,24,8,4,5,0,0,0,0
10045,964,Sevenum,4587,8,"0,17 %",5507,4595,"83,44 %",2583,676,552,307,158,157,107,12,1,11,13,6,2,0,0,2,0,0,0
10052,517,'s-Gravendeel,5863,2,"0,03 %",7007,5865,"83,70 %",1932,1481,993,246,388,146,152,143,297,43,20,6,7,1,1,6,0,0,1
10640,519,'s-Gravenzande,12416,12,"0,10 %",14476,12428,"85,85 %",5386,1638,2786,252,1005,254,276,295,362,49,61,16,18,7,3,4,1,1,2
10054,796,'s-Hertogenbosch,76979,61,"0,08 %",100168,77040,"76,91 %",19475,21239,14256,7589,4840,4840,3356,332,44,351,324,165,85,24,27,18,10,4,0
10515,965,Simpelveld,6683,6,"0,09 %",8591,6689,"77,86 %",2769,1886,674,407,363,241,148,14,0,36,127,6,3,1,2,6,0,0,0
10496,845,Sint Michielsgestel,17354,17,"0,10 %",21180,17371,"82,02 %",6725,4130,2890,1417,700,602,609,42,2,55,99,53,13,0,7,5,2,3,0
10399,846,Sint-Oedenrode,10799,7,"0,06 %",12830,10806,"84,22 %",4768,2231,1676,811,524,375,259,16,2,27,40,48,17,0,2,1,0,2,0
11230,1883,Sittard-Geleen,55722,72,"0,13 %",74822,55794,"74,57 %",19695,16439,7139,3884,2782,3234,1595,183,31,341,238,44,76,12,10,19,0,0,0
10022,51,Skarsterlân,17326,7,"0,04 %",20253,17333,"85,58 %",6573,5308,2306,834,629,613,467,327,27,67,117,34,12,0,11,0,0,1,0
11331,610,Sliedrecht,14801,14,"0,09 %",17873,14815,"82,89 %",3948,3775,1898,633,857,336,294,943,1947,55,69,10,10,7,10,4,0,0,5
10747,40,Slochteren,9456,9,"0,10 %",11375,9465,"83,21 %",1991,3458,1509,474,383,385,305,773,67,34,51,10,2,0,11,0,0,3,0
10895,1714,Sluis,13865,14,"0,10 %",18141,13879,"76,51 %",4609,3914,2755,639,724,468,376,106,97,70,60,13,14,3,17,0,0,0,0
10405,90,Smallingerland,33932,25,"0,07 %",40447,33957,"83,95 %",10276,12299,3448,2049,910,1448,943,2080,203,107,106,36,13,4,10,0,0,0,0
11421,91,Sneek,19925,16,"0,08 %",24672,19941,"80,82 %",5615,6804,2979,1389,777,934,655,491,16,65,115,34,28,8,15,0,0,0,0
11021,342,Soest,28303,20,"0,07 %",33553,28323,"84,41 %",8417,5369,7692,1298,1496,1354,1391,645,259,128,105,31,20,78,9,5,0,6,0
10203,847,Someren,10961,8,"0,07 %",13468,10969,"81,44 %",5544,1757,1605,650,684,291,222,37,11,49,65,38,4,0,2,0,0,2,0
10549,848,Son en Breugel,9599,6,"0,06 %",11370,9605,"84,48 %",3546,1640,2363,494,523,367,463,42,2,50,60,40,3,2,0,3,0,1,0
10735,612,Spijkenisse,42780,89,"0,21 %",56711,42869,"75,59 %",7664,13355,8626,2629,5822,1446,1480,587,237,357,337,55,86,6,23,27,24,6,13
11415,1702,St. Anthonis,7600,14,"0,18 %",8607,7614,"88,46 %",4224,1190,899,480,305,264,156,9,1,21,30,12,4,1,2,2,0,0,0
10610,37,Stadskanaal,20500,22,"0,11 %",26037,20522,"78,82 %",6352,7944,1911,1089,709,501,360,1380,64,74,45,27,17,0,24,0,0,3,0
11362,180,Staphorst,9748,2,"0,02 %",10631,9750,"91,71 %",3197,930,837,125,275,116,96,1335,2799,0,13,18,2,0,2,3,0,0,0
11337,532,Stede Broec,13011,14,"0,11 %",15797,13025,"82,45 %",4074,3138,2707,768,918,565,522,87,21,80,98,18,11,1,2,0,0,1,0
10731,851,Steenbergen,13777,13,"0,09 %",18076,13790,"76,29 %",4350,3723,2657,771,1000,378,422,129,171,60,64,28,11,2,4,3,0,4,0
10497,280,Steenderen,3409,4,"0,12 %",3812,3413,"89,53 %",1536,804,548,148,112,95,98,30,12,10,6,7,0,0,3,0,0,0,0
10546,1708,Steenwijkerland,26870,25,"0,09 %",31822,26895,"84,52 %",9276,8119,3974,1125,1147,950,711,1251,130,0,98,51,20,0,12,6,0,0,0
11319,971,Stein,16028,18,"0,11 %",20931,16046,"76,66 %",6046,4560,2015,985,974,654,465,48,8,124,95,24,18,0,6,6,0,0,0
10558,617,Strijen,5998,12,"0,20 %",7084,6010,"84,84 %",1846,1418,1198,274,477,198,172,140,196,31,24,6,4,0,0,10,1,1,2
10474,975,Swalmen,4843,4,"0,08 %",6693,4847,"72,42 %",1824,1297,688,366,278,153,135,9,0,34,25,13,10,5,3,3,0,0,0
10891,9,Ten Boer,4602,2,"0,04 %",5241,4604,"87,85 %",1303,1469,492,232,119,203,155,517,64,15,14,9,5,0,5,0,0,0,0
11104,480,Ter Aar,5712,7,"0,12 %",6644,5719,"86,08 %",2666,768,1177,196,342,196,193,54,53,23,31,6,2,1,0,2,1,1,0
10704,715,Terneuzen,30238,16,"0,05 %",40500,30254,"74,70 %",9849,8111,4444,1436,1897,976,837,1315,1043,128,112,28,30,14,18,0,0,0,0
11210,93,Terschelling,3206,5,"0,16 %",3796,3211,"84,59 %",789,921,793,158,151,170,154,26,2,15,22,1,3,0,1,0,0,0,0
10237,448,Texel,8906,4,"0,04 %",10273,8910,"86,73 %",2715,2184,1813,614,423,548,371,99,45,36,34,12,6,1,5,0,0,0,0
10376,716,Tholen,14623,16,"0,11 %",17405,14639,"84,11 %",4219,3016,1651,505,810,279,226,589,3104,83,94,25,15,2,5,0,0,0,0
11195,977,Thorn,1586,11,"0,69 %",1973,1597,"80,94 %",674,386,253,75,81,47,47,3,0,6,6,2,6,0,0,0,0,0,0
10027,281,Tiel,22410,18,"0,08 %",28839,22428,"77,77 %",5037,7305,4653,1277,1477,1001,811,284,156,103,87,25,21,166,7,0,0,0,0
10792,855,Tilburg,104989,124,"0,12 %",148702,105113,"70,69 %",28010,28779,18109,11211,5680,6447,4491,463,69,506,500,273,92,209,50,49,28,23,0
10694,183,Tubbergen,12977,4,"0,03 %",14683,12981,"88,41 %",9313,1335,1196,311,348,203,189,13,16,0,31,15,2,0,0,5,0,0,0
10699,1700,Twenterand,20794,10,"0,05 %",24822,20804,"83,81 %",10266,4895,1507,595,604,409,267,1580,551,0,73,26,11,0,7,3,0,0,0
10002,1730,Tynaarlo,20895,11,"0,05 %",24226,20906,"86,30 %",4023,7090,4995,923,806,1190,1138,506,31,55,84,25,11,4,13,1,0,0,0
11241,737,Tytsjerksteradiel,20864,9,"0,04 %",23967,20873,"87,09 %",8407,6175,2285,900,703,842,516,713,115,48,121,22,7,3,4,0,0,3,0
10408,282,Ubbergen,6319,7,"0,11 %",7275,6326,"86,96 %",2152,1790,918,457,217,465,225,26,7,31,15,4,9,1,2,0,0,0,0
11141,856,Uden,24118,25,"0,10 %",30229,24143,"79,87 %",8826,4637,4774,2792,1168,780,783,59,10,99,83,53,12,27,6,6,1,2,0
11238,450,Uitgeest,7463,8,"0,11 %",8655,7471,"86,32 %",2032,1962,1669,415,424,451,364,34,6,41,47,7,6,0,5,0,0,0,0
11206,451,Uithoorn,16809,18,"0,11 %",19785,16827,"85,05 %",4993,3462,4663,816,943,700,847,139,19,97,77,10,24,2,4,9,0,4,0
10783,184,Urk,9270,1,"0,01 %",10154,9271,"91,30 %",4206,68,105,37,157,13,16,1558,3094,5,4,5,2,0,0,0,0,0,0
10722,344,Utrecht,154228,223,"0,14 %",199114,154451,"77,57 %",25660,48302,25809,13576,7117,18387,11020,2068,444,777,476,104,124,219,64,35,29,17,0
10007,981,Vaals,4309,2,"0,05 %",6106,4311,"70,60 %",1647,1427,459,216,214,197,78,10,3,26,18,1,2,1,7,3,0,0,0
10028,619,Valkenburg,2339,1,"0,04 %",2717,2340,"86,12 %",1151,297,389,64,107,55,64,161,25,7,8,3,7,0,0,0,0,1,0
11077,994,Valkenburg aan de Geul,11505,7,"0,06 %",14003,11512,"82,21 %",5509,2230,1467,967,465,388,321,29,4,72,21,12,11,0,4,5,0,0,0
11031,858,Valkenswaard,19422,19,"0,10 %",23931,19441,"81,24 %",6782,4542,3894,1467,1122,670,595,54,6,89,90,81,17,1,4,4,1,3,0
11292,47,Veendam,17223,21,"0,12 %",21983,17244,"78,44 %",2807,8552,2425,1031,665,541,548,403,24,82,68,17,8,30,18,0,0,4,0
11052,345,Veenendaal,37063,33,"0,09 %",43515,37096,"85,25 %",13504,6520,5840,1305,1611,1139,771,3162,2924,85,99,51,23,8,7,13,1,0,0
10369,717,Veere,14546,3,"0,02 %",16537,14549,"87,98 %",5497,2250,2500,485,528,556,373,511,1704,76,32,11,11,2,10,0,0,0,0
10985,860,Veghel,21654,18,"0,08 %",26671,21672,"81,26 %",9529,4315,3547,1723,1013,608,574,59,7,74,90,65,11,12,7,12,1,7,0
10071,861,Veldhoven,25770,19,"0,07 %",31993,25789,"80,61 %",8870,5602,5286,2003,1551,978,913,156,11,123,140,101,16,1,11,5,1,2,0
10620,453,Velsen,40382,34,"0,08 %",50441,40416,"80,13 %",9642,11363,8657,2484,2964,1924,1976,688,67,248,221,52,41,17,23,11,0,4,0
10433,454,Venhuizen,4982,10,"0,20 %",5788,4992,"86,25 %",1588,938,1409,245,302,201,196,27,6,26,30,6,3,0,4,0,0,1,0
10477,983,Venlo,48570,64,"0,13 %",67292,48634,"72,27 %",17085,12365,8379,2918,3057,2497,1413,168,23,261,208,72,55,45,8,16,0,0,0
11222,984,Venray,22303,17,"0,08 %",28650,22320,"77,91 %",9384,5140,3165,1572,1163,878,688,43,7,92,93,32,11,19,8,8,0,0,0
10887,620,Vianen,12110,9,"0,07 %",14719,12119,"82,34 %",3663,3118,2298,754,748,460,440,157,325,45,64,19,6,1,8,1,3,0,0
10811,622,Vlaardingen,43847,78,"0,18 %",56950,43925,"77,13 %",9960,13174,7239,3347,4520,1868,1524,803,723,290,194,58,47,33,14,25,12,6,10
11249,48,Vlagtwedde,10135,13,"0,13 %",13029,10148,"77,89 %",2820,4196,1245,592,451,312,175,195,13,76,24,12,11,1,11,0,0,1,0
10211,96,Vlieland,702,1,"0,14 %",859,703,"81,84 %",98,194,257,34,28,34,48,1,0,3,3,1,1,0,0,0,0,0,0
10270,718,Vlissingen,25914,36,"0,14 %",34404,25950,"75,43 %",6661,7723,4414,1955,1850,1137,782,500,420,247,117,30,31,30,17,0,0,0,0
11174,623,Vlist,6428,4,"0,06 %",7348,6432,"87,53 %",2206,1244,1268,224,362,167,219,160,508,25,33,5,2,0,1,4,0,0,0
11341,986,Voerendaal,8542,5,"0,06 %",10188,8547,"83,89 %",3852,1920,1174,479,402,334,256,22,1,54,30,9,6,0,3,0,0,0,0
10017,625,Voorhout,8892,9,"0,10 %",10102,8901,"88,11 %",3115,1411,2491,380,483,375,478,63,17,25,28,10,8,3,3,2,0,0,0
10537,626,Voorschoten,14171,16,"0,11 %",16369,14187,"86,67 %",4148,2727,3970,522,727,791,938,143,59,78,39,5,14,1,4,1,3,1,0
10912,285,Voorst,15308,17,"0,11 %",17957,15325,"85,34 %",5930,4016,2804,553,534,522,499,82,203,60,48,27,13,4,10,1,0,2,0
10957,286,Vorden,5871,4,"0,07 %",6657,5875,"88,25 %",2349,1398,1153,260,193,217,184,50,10,22,15,16,2,0,0,0,0,2,0
11224,865,Vught,15663,14,"0,09 %",19061,15677,"82,25 %",4950,3710,3389,1065,646,875,768,58,7,72,58,26,24,1,10,3,0,1,0
10959,866,Waalre,10540,7,"0,07 %",12172,10547,"86,65 %",3597,1874,2823,540,534,419,545,40,4,63,40,48,6,2,2,2,0,1,0
11359,867,Waalwijk,27278,34,"0,12 %",34866,27312,"78,33 %",9523,6165,5016,1877,1673,896,798,417,510,113,144,73,37,19,8,6,0,3,0
10081,627,Waddinxveen,16689,16,"0,10 %",19613,16705,"85,17 %",5255,3216,3415,561,1047,505,618,907,964,80,62,21,18,6,3,8,0,3,0
11010,289,Wageningen,21636,27,"0,12 %",25727,21663,"84,20 %",4282,6856,2937,1752,504,2825,1424,628,250,85,40,27,10,4,8,4,0,0,0
10204,628,Warmond,3299,3,"0,09 %",3842,3302,"85,94 %",1231,547,765,143,220,148,181,12,7,21,11,7,4,0,1,1,0,0,0
10838,291,Warnsveld,5946,7,"0,12 %",6828,5953,"87,19 %",1491,1928,1077,431,151,336,352,119,6,29,18,3,3,2,0,0,0,0,0
10164,629,Wassenaar,15318,13,"0,08 %",17825,15331,"86,01 %",4661,1736,6193,365,960,436,724,82,29,67,34,6,16,1,3,5,0,0,0
11329,630,Wateringen,10152,23,"0,23 %",12033,10175,"84,56 %",4156,1464,2363,296,944,309,383,84,17,46,50,13,15,1,5,5,0,0,1
10983,852,Waterland,11595,4,"0,03 %",13074,11599,"88,72 %",3254,2838,2620,601,810,602,606,106,10,73,45,12,11,0,6,0,0,1,0
11081,988,Weert,28056,24,"0,09 %",36759,28080,"76,39 %",9289,6976,6131,1832,1595,970,843,86,15,130,118,20,22,11,12,6,0,0,0
10773,457,Weesp,11024,10,"0,09 %",13560,11034,"81,37 %",2578,3131,2284,733,649,715,621,92,34,69,63,23,16,3,5,7,0,1,0
11116,292,Wehl,4170,1,"0,02 %",5136,4171,"81,21 %",2056,1123,450,153,152,105,69,7,6,24,13,9,2,1,0,0,0,0,0
10078,870,Werkendam,16738,18,"0,11 %",19733,16756,"84,91 %",6749,3068,2336,615,894,360,313,574,1659,62,66,29,6,0,1,3,2,1,0
11270,459,Wervershoof,5383,3,"0,06 %",6250,5386,"86,18 %",2363,930,1080,233,350,178,141,23,1,21,36,8,7,2,4,0,0,6,0
10042,668,West Maas en Waal,11976,14,"0,12 %",14061,11990,"85,27 %",4653,3007,2143,678,647,400,322,18,6,33,40,15,6,3,5,0,0,0,0
10354,558,Wester-Koggenland,8833,6,"0,07 %",10205,8839,"86,61 %",3568,1657,1988,365,436,355,318,23,8,50,48,6,3,1,5,0,0,2,0
10186,1701,Westerveld,12882,7,"0,05 %",14845,12889,"86,82 %",2852,4635,2946,580,565,581,446,128,20,51,47,19,7,4,0,1,0,0,0
11085,293,Westervoort,9557,8,"0,08 %",11802,9565,"81,05 %",2512,3137,1587,752,471,527,353,102,8,40,33,13,18,1,2,1,0,0,0
11322,98,Weststellingwerf,16192,22,"0,14 %",19708,16214,"82,27 %",4307,6083,2465,1016,895,600,361,220,21,78,79,33,15,1,14,0,0,4,0
10009,614,Westvoorne,9334,13,"0,14 %",10997,9347,"85,00 %",2145,1930,3198,359,837,235,396,47,47,63,47,8,13,0,0,6,0,1,2
10893,189,Wierden,15611,10,"0,06 %",17369,15621,"89,94 %",8660,2245,1943,377,490,367,285,827,369,0,30,11,4,0,2,1,0,0,0
11277,462,Wieringen,5187,2,"0,04 %",6488,5189,"79,98 %",1069,1650,1303,302,381,183,171,37,5,28,35,15,6,0,2,0,0,0,0
10239,463,Wieringermeer,7920,5,"0,06 %",9481,7925,"83,59 %",2782,1794,1565,404,519,260,258,157,35,44,65,17,14,1,4,0,0,1,0
10723,296,Wijchen,24398,22,"0,09 %",29374,24420,"83,13 %",8356,6574,4376,1824,1053,1016,856,82,8,78,105,30,25,14,1,0,0,0,0
10534,1696,Wijdemeren,15436,13,"0,08 %",17791,15449,"86,84 %",4840,2752,4421,656,873,663,785,190,78,105,38,9,16,0,2,8,0,0,0
10760,352,Wijk bij Duurstede,14439,15,"0,10 %",17006,14454,"84,99 %",4262,3423,3116,877,733,774,602,199,277,80,60,11,15,1,6,3,0,0,0
10453,52,Winschoten,11326,2,"0,02 %",14620,11328,"77,48 %",1788,5716,1450,708,374,500,288,313,15,49,36,20,8,0,60,0,0,1,0
11135,53,Winsum,9085,12,"0,13 %",10282,9097,"88,48 %",2581,3079,1027,592,239,547,319,592,40,34,22,8,4,1,0,0,0,0,0
11119,294,Winterswijk,18018,12,"0,07 %",21982,18030,"82,02 %",4766,6482,3703,929,592,661,556,135,16,58,66,27,18,2,6,0,0,1,0
10318,295,Wisch,12217,13,"0,11 %",15025,12230,"81,40 %",4585,3477,1963,628,521,461,314,120,5,47,44,32,6,8,5,0,0,1,0
10602,873,Woensdrecht,12121,9,"0,07 %",15775,12130,"76,89 %",4053,2792,2711,660,916,395,358,37,9,63,62,34,7,2,3,11,3,5,0
10974,632,Woerden,30257,29,"0,10 %",35135,30286,"86,20 %",10945,5553,5876,1408,1763,1337,1284,973,842,103,103,22,21,3,6,11,4,3,0
10818,466,Wognum,5078,2,"0,04 %",5978,5080,"84,98 %",2285,816,985,228,259,187,226,21,4,26,32,7,0,0,1,0,0,1,0
10648,880,Wormerland,9928,7,"0,07 %",11714,9935,"84,81 %",2387,2875,2041,703,547,660,459,121,11,59,37,11,12,2,3,0,0,0,0
11398,351,Woudenberg,7085,5,"0,07 %",8063,7090,"87,93 %",2611,983,1229,225,270,197,217,450,855,20,14,8,3,0,1,2,0,0,0
10282,874,Woudrichem,9201,9,"0,10 %",10786,9210,"85,39 %",4019,1674,1274,386,363,209,210,672,299,34,30,14,11,0,3,3,0,0,0
10454,710,Wûnseradiel,7523,3,"0,04 %",8748,7526,"86,03 %",3106,1905,977,481,301,295,223,133,10,18,42,25,3,1,1,0,0,2,0
11427,683,Wymbritseradiel,10255,3,"0,03 %",11776,10258,"87,11 %",4939,2054,1313,544,289,432,301,243,16,28,78,12,5,0,1,0,0,0,0
11044,479,Zaanstad,81347,123,"0,15 %",103392,81470,"78,80 %",14874,27705,14973,6610,5770,5176,3630,952,176,563,489,136,80,114,89,0,0,10,0
10557,297,Zaltbommel,16159,10,"0,06 %",18854,16169,"85,76 %",4674,3837,2577,675,631,556,519,624,1932,50,48,21,11,1,3,0,0,0,0
10910,473,Zandvoort,10465,16,"0,15 %",13238,10481,"79,17 %",2028,2308,3591,514,851,394,531,35,5,119,30,13,18,4,11,9,0,4,0
10618,707,Zederik,8993,3,"0,03 %",9949,8996,"90,42 %",3932,1528,1175,199,361,157,159,475,941,27,20,11,2,0,2,3,1,0,0
11121,478,Zeevang,4129,3,"0,07 %",4728,4132,"87,39 %",805,959,1352,216,243,226,263,15,4,21,12,4,6,0,3,0,0,0,0
10012,50,Zeewolde,10553,4,"0,04 %",12317,10557,"85,71 %",3298,1774,2740,347,597,419,426,767,83,35,46,14,4,1,2,0,0,0,0
10324,355,Zeist,37419,34,"0,09 %",45387,37453,"82,52 %",9489,8525,8682,2160,1722,2617,2068,937,747,220,148,30,24,22,9,9,2,8,0
11159,298,Zelhem,7276,6,"0,08 %",8699,7282,"83,71 %",2804,2068,1180,260,329,204,172,93,101,28,18,11,5,1,1,1,0,0,0
10938,299,Zevenaar,16406,11,"0,07 %",20248,16417,"81,08 %",5632,4700,2609,1114,729,695,641,76,14,80,63,23,14,4,4,3,0,5,0
11377,1666,Zevenhuizen-Moerkapelle,6462,9,"0,14 %",7341,6471,"88,15 %",2005,1217,1301,139,415,115,198,271,721,28,36,4,5,0,2,3,1,1,0
10004,476,Zijpe,7193,10,"0,14 %",8586,7203,"83,89 %",2104,1912,1713,336,405,293,278,33,4,54,34,11,7,5,3,0,0,1,0
10766,637,Zoetermeer,67334,93,"0,14 %",83304,67427,"80,94 %",15079,18016,15412,4264,4991,3103,3607,1200,592,452,321,66,85,23,20,36,56,11,0
11074,638,Zoeterwoude,5346,12,"0,22 %",6308,5358,"84,94 %",2095,968,1075,288,302,281,219,25,32,25,15,6,8,1,1,2,1,2,0
10021,56,Zuidhorn,11851,19,"0,16 %",13105,11870,"90,58 %",4016,2989,1256,564,296,608,362,1567,96,48,25,13,3,1,5,0,0,2,0
11192,879,Zundert,11659,11,"0,09 %",15186,11670,"76,85 %",4939,2336,2187,685,702,328,305,34,2,28,66,31,11,1,0,1,0,3,0
10254,301,Zutphen,22504,28,"0,12 %",27583,22532,"81,69 %",4070,8566,3162,2194,821,1916,1056,418,31,110,93,22,17,13,8,5,0,2,0
10746,1896,Zwartewaterland,13535,5,"0,04 %",15321,13540,"88,38 %",5114,2314,1181,374,335,232,166,1709,2060,0,23,11,11,0,5,0,0,0,0
10468,642,Zwijndrecht,27795,28,"0,10 %",34371,27823,"80,95 %",7823,7056,4955,1211,2517,875,935,1084,966,146,105,33,40,11,8,20,6,1,3
10093,193,Zwolle,69464,71,"0,10 %",83922,69535,"82,86 %",17655,22054,9634,4629,2360,4819,2883,4710,344,0,184,91,43,0,41,17,0,0,0
This file is created with Aspose.Cells for evaluation only with an Evaluation License. ,,,,,,,,,,,,,,,,,,,,,,,,,,,
It is strictly prohibited from using it in the production of any software. ,,,,,,,,,,,,,,,,,,,,,,,,,,,
Any violation of this provision shall require a mandatory purchase of pay license ,,,,,,,,,,,,,,,,,,,,,,,,,,,
as well as expose the user to other legal recourse for collection and punitive damages.,,,,,,,,,,,,,,,,,,,,,,,,,,,
