Amsterdamse code,CBS code,Naam,# geldige stemmen,# ongeldige stemmen,# blanco stemmen,Percentage blanco stemmen,# kiesgerechtigden,Opkomst,Opkomstpercentage,VVD,Partij van de Arbeid (P.v.d.A.),PVV (Partij voor de Vrijheid),Christen Democratisch Appèl (CDA),SP (Socialistische Partij),Democraten 66 (D66),GROENLINKS,ChristenUnie,Staatkundig Gereformeerde Partij (SGP),Partij voor de Dieren,TROTS OP NEDERLAND LIJST RITA VERDONK,Partij voor Mens en Spirit (MenS),Piratenpartij,Lijst 17,Partij één,Nieuw Nederland,Heel NL,Evangelische Partij Nederland,2010
10787,1680,Aa en Hunze,15973,11,13,"0,08 %",20153,15997,"79,38 %",4057,4744,1608,1259,1491,1040,1159,254,19,201,64,46,14,5,5,7,0,0,2010
11084,738,Aalburg,7648,9,3,"0,04 %",9295,7660,"82,41 %",1136,491,1224,1553,423,162,152,820,1575,60,33,10,2,4,0,3,0,0,2010
11264,358,Aalsmeer,17446,42,21,"0,12 %",21643,17509,"80,90 %",6024,2170,2499,2738,967,1169,807,613,81,212,105,28,12,14,1,6,0,0,2010
11046,197,Aalten,16101,13,13,"0,08 %",20741,16127,"77,75 %",2478,2700,1868,4329,2193,704,725,754,53,149,74,39,1,15,2,9,3,5,2010
10712,305,Abcoude,5424,2,4,"0,07 %",6251,5430,"86,87 %",1789,937,498,718,241,580,420,105,35,56,20,11,7,4,1,0,2,0,2010
10199,59,Achtkarspelen,15867,24,7,"0,04 %",21555,15898,"73,76 %",1577,3257,2290,4185,1559,367,511,1700,180,132,49,28,7,8,1,3,0,13,2010
11327,482,Alblasserdam,10919,20,8,"0,07 %",13929,10947,"78,59 %",1733,1929,1557,1381,827,396,372,1041,1511,102,43,15,5,5,2,0,0,0,2010
10124,613,Albrandswaard,14202,23,13,"0,09 %",18399,14238,"77,38 %",4193,1838,2909,1662,1206,879,624,366,175,209,88,26,7,12,3,3,2,0,2010
10527,361,Alkmaar,53844,77,73,"0,14 %",71630,53994,"75,38 %",10172,13400,6993,4605,6250,4451,5321,782,56,1011,402,229,69,50,13,17,14,9,2010
11053,141,Almelo,37167,84,40,"0,11 %",53936,37291,"69,14 %",6306,8379,7001,5441,3984,2128,1759,1269,97,336,261,117,53,14,9,8,5,0,2010
10018,34,Almere,94134,207,103,"0,11 %",132492,94444,"71,28 %",24377,22295,16641,4850,8857,5990,6120,1947,118,1505,770,296,158,81,32,19,0,78,2010
10517,484,Alphen aan den Rijn,41880,76,47,"0,11 %",55973,42003,"75,04 %",10889,7198,5773,5165,3588,3286,2749,1752,472,546,245,105,38,42,10,15,7,0,2010
10710,1723,Alphen-Chaam,5928,11,6,"0,10 %",7296,5945,"81,48 %",1521,649,896,1612,531,312,240,27,3,56,51,16,4,8,0,1,1,0,2010
11153,60,Ameland,2933,4,2,"0,07 %",2650,2939,"110,91 %",600,581,371,724,178,152,196,54,12,26,14,21,2,0,0,2,0,0,2010
10948,307,Amersfoort,82969,103,81,"0,10 %",105609,83153,"78,74 %",18222,17167,9527,8384,6874,7518,7706,5016,704,1036,320,281,110,47,17,25,15,0,2010
10799,362,Amstelveen,45237,71,31,"0,07 %",57077,45339,"79,43 %",12929,9637,5089,4200,2962,4890,3541,753,88,709,160,164,48,44,12,11,0,0,2010
11150,363,Amsterdam,385008,1648,462,"0,12 %",546620,387118,"70,82 %",64798,135816,36172,12705,27890,45613,48190,3405,274,6927,1067,917,603,226,189,93,0,123,2010
10822,364,Andijk,3841,0,4,"0,10 %",4910,3845,"78,31 %",891,514,612,680,364,174,182,251,56,66,29,16,3,1,1,1,0,0,2010
10344,366,Anna Paulowna,8417,8,10,"0,12 %",10800,8435,"78,10 %",2587,1286,1328,1244,762,444,385,152,12,95,74,20,6,4,13,2,1,2,2010
11075,200,Apeldoorn,90224,181,71,"0,08 %",122225,90476,"74,02 %",18379,18737,11407,12125,8341,6605,5785,4103,2496,1271,424,297,87,62,18,28,40,19,2010
10886,3,Appingedam,6780,16,8,"0,12 %",9567,6804,"71,12 %",805,2152,960,891,918,272,334,296,16,89,26,16,3,2,0,0,0,0,2010
10795,202,Arnhem,79092,157,81,"0,10 %",111724,79330,"71,01 %",13559,19393,10749,5862,9726,7399,8402,1626,128,1427,289,254,120,81,23,16,20,18,2010
10522,106,Assen,38173,45,35,"0,09 %",50527,38253,"75,71 %",6268,10702,3919,3753,4320,2301,2762,3142,192,449,147,114,48,30,11,9,6,0,2010
10478,743,Asten,9689,13,9,"0,09 %",12391,9711,"78,37 %",2010,1216,1585,2530,1225,432,410,46,8,71,95,32,10,14,1,1,3,0,2010
10060,744,Baarle-Nassau,3762,12,1,"0,03 %",5235,3775,"72,11 %",774,409,710,1011,409,160,152,26,1,56,30,18,2,4,0,0,0,0,2010
11411,308,Baarn,14782,23,9,"0,06 %",18822,14814,"78,71 %",4115,2433,1888,1816,1016,1385,1110,544,109,232,58,37,20,6,3,5,5,0,2010
10943,489,Barendrecht,26654,36,17,"0,06 %",33947,26707,"78,67 %",7442,3460,4822,3036,2065,1584,1432,1070,1112,370,143,57,34,15,2,6,4,0,2010
10906,203,Barneveld,31840,37,12,"0,04 %",37704,31889,"84,58 %",5739,2166,3675,7477,1143,839,753,3431,6236,154,139,37,18,11,1,4,0,17,2010
10425,5,Bedum,6431,6,7,"0,11 %",8031,6444,"80,24 %",702,1517,520,1353,646,272,416,815,64,77,27,10,3,4,1,0,0,4,2010
11374,888,Beek,10280,16,9,"0,09 %",13210,10305,"78,01 %",1670,1497,2905,1709,1166,505,496,47,3,151,77,29,12,6,1,3,3,0,2010
10816,370,Beemster,5425,6,0,"0,00 %",6630,5431,"81,92 %",1778,919,749,708,412,375,314,41,1,71,38,9,6,3,1,0,0,0,2010
10195,889,Beesel,7725,12,6,"0,08 %",10689,7743,"72,44 %",1258,1114,2304,1300,897,338,303,28,5,91,51,20,13,2,0,1,0,0,2010
10340,7,Bellingwedde,5519,2,2,"0,04 %",7409,5523,"74,54 %",817,1618,1031,391,876,180,303,124,18,105,22,21,1,10,1,0,0,1,2010
10962,491,Bergambacht,6114,6,2,"0,03 %",7271,6122,"84,20 %",1437,929,728,865,390,294,193,452,711,72,26,7,5,2,1,0,2,0,2010
11160,1724,Bergeijk,10640,11,8,"0,08 %",13801,10659,"77,23 %",2112,1199,1853,3030,1281,461,372,65,4,99,109,27,9,9,6,1,3,0,2010
11281,893,Bergen (L.),7511,10,12,"0,16 %",10362,7533,"72,70 %",1151,829,1831,1659,1317,257,272,25,6,66,68,18,4,4,1,0,3,0,2010
11424,373,Bergen (NH),20064,20,13,"0,06 %",24358,20097,"82,51 %",5553,3690,2667,2447,1400,1612,1823,121,12,423,123,138,14,17,12,7,3,2,2010
11037,748,Bergen op Zoom,35035,81,25,"0,07 %",49820,35141,"70,54 %",7638,6438,7224,4350,3813,2329,2003,310,44,431,301,78,35,23,8,3,7,0,2010
10436,1859,Berkelland,27196,30,15,"0,06 %",34742,27241,"78,41 %",5939,5788,3150,5370,2858,1745,1391,373,34,243,152,94,16,25,6,7,5,0,2010
10149,1721,Bernheze,16637,12,12,"0,07 %",22313,16661,"74,67 %",3434,2111,2354,4046,2713,935,649,67,1,137,111,46,14,16,2,1,0,0,2010
10316,568,Bernisse,7608,15,7,"0,09 %",9884,7630,"77,20 %",2114,1065,1473,1099,680,338,296,256,80,115,57,17,10,7,0,1,0,0,2010
10442,753,Best,16480,15,18,"0,11 %",21483,16513,"76,87 %",3822,2512,2706,2754,2048,1195,763,273,22,157,140,40,19,19,4,6,0,0,2010
10417,209,Beuningen,14831,14,10,"0,07 %",19430,14855,"76,45 %",3270,2639,2631,2025,2095,926,844,106,14,130,91,25,7,21,2,1,4,0,2010
10272,375,Beverwijk,20948,39,6,"0,03 %",29028,20993,"72,32 %",4376,4256,4175,2083,2274,1351,1607,183,26,325,165,64,32,16,7,8,0,0,2010
10222,585,Binnenmaas,17915,10,6,"0,03 %",22661,17931,"79,13 %",4405,2825,2877,2572,1440,823,796,734,1009,273,102,25,13,17,0,3,1,0,2010
11006,1728,Bladel,10952,13,10,"0,09 %",14706,10975,"74,63 %",2166,1314,1793,2727,1558,525,501,72,2,111,104,52,10,10,2,3,2,0,2010
10493,376,Blaricum,5833,8,2,"0,03 %",6954,5843,"84,02 %",2294,798,619,689,343,567,320,51,11,81,23,25,4,6,1,1,0,0,2010
10850,377,Bloemendaal,13922,20,9,"0,06 %",16420,13951,"84,96 %",5528,2035,954,1695,532,1747,923,148,20,222,36,44,17,8,10,3,0,0,2010
10815,55,Boarnsterhim,11662,10,10,"0,09 %",14701,11682,"79,46 %",2414,3418,1004,1433,1341,796,855,192,22,80,41,44,5,9,2,5,0,1,2010
11091,497,Bodegraven,11520,24,3,"0,03 %",14364,11547,"80,39 %",2660,1504,1544,2219,789,563,503,836,688,115,57,23,8,6,4,0,1,0,2010
10432,755,Boekel,5507,5,5,"0,09 %",7239,5517,"76,21 %",1055,534,894,1545,878,252,190,23,3,56,51,10,6,7,1,1,1,0,2010
10865,64,Bolsward,5863,10,0,"0,00 %",7598,5873,"77,30 %",762,1388,606,1393,785,277,325,185,24,64,25,18,3,4,1,1,0,2,2010
10448,1681,Borger-Odoorn,15754,25,8,"0,05 %",20504,15787,"76,99 %",3177,4421,2180,1881,1544,726,825,568,50,197,96,67,11,2,0,7,2,0,2010
10326,147,Borne,12683,17,10,"0,08 %",16023,12710,"79,32 %",2382,2383,1640,2923,1447,890,610,181,9,77,76,43,8,9,1,3,1,0,2010
10043,654,Borsele,13351,21,4,"0,03 %",16956,13376,"78,89 %",2170,1765,1759,2747,1062,525,540,428,2011,188,103,27,12,8,1,5,0,0,2010
10419,499,Boskoop,9023,9,7,"0,08 %",11071,9039,"81,65 %",2380,1197,1226,1619,555,528,545,425,340,112,38,36,11,9,0,1,1,0,2010
11227,756,Boxmeer,17831,10,15,"0,08 %",21679,17856,"82,37 %",2918,1765,2082,3388,6013,725,593,87,17,107,83,27,10,14,1,0,1,0,2010
10083,757,Boxtel,16851,13,25,"0,15 %",23037,16889,"73,31 %",3251,3164,2474,2704,2379,1301,1053,121,17,190,114,47,17,7,6,2,4,0,2010
10154,758,Breda,96299,174,95,"0,10 %",131892,96568,"73,22 %",23767,18217,13777,10920,10048,9099,7261,716,76,1238,515,390,127,94,19,12,23,0,2010
10807,311,Breukelen,8971,15,5,"0,06 %",10806,8991,"83,20 %",2488,1139,1081,1405,560,682,494,502,462,84,39,16,7,7,1,2,2,0,2010
10232,501,Brielle,9277,11,12,"0,13 %",12121,9300,"76,73 %",2718,1401,1724,913,1075,577,443,129,29,124,89,37,6,9,0,1,2,0,2010
11159,1876,Bronckhorst,23184,18,16,"0,07 %",29387,23218,"79,01 %",5304,4352,2658,5388,2018,1306,1104,432,142,230,130,77,11,20,3,2,5,2,2010
10798,213,Brummen,12387,12,2,"0,02 %",16370,12401,"75,75 %",2830,3066,1735,1420,1333,738,739,189,31,144,90,45,7,8,0,1,11,0,2010
10533,899,Brunssum,16517,24,34,"0,21 %",23456,16575,"70,66 %",1816,2721,5699,1826,2442,504,766,215,16,252,170,62,12,7,2,4,3,0,2010
10820,312,Bunnik,9213,5,15,"0,16 %",10863,9233,"84,99 %",2167,1598,848,1618,580,864,1017,207,120,118,29,36,4,6,1,0,0,0,2010
11343,313,Bunschoten,11848,20,6,"0,05 %",14660,11874,"81,00 %",1579,513,1665,3822,263,158,179,3201,357,49,43,3,5,9,0,0,2,0,2010
11286,214,Buren,15605,19,7,"0,04 %",19833,15631,"78,81 %",4374,2537,2925,1887,906,856,680,396,665,216,109,17,8,17,2,6,4,0,2010
10281,381,Bussum,19084,30,14,"0,07 %",23798,19128,"80,38 %",6127,3300,1938,1894,1242,2218,1524,314,47,287,66,73,18,21,6,9,0,0,2010
11248,502,Capelle aan den IJssel,35445,62,42,"0,12 %",49911,35549,"71,22 %",7518,6410,6726,3422,3234,2144,1804,1385,1870,582,169,86,47,34,6,4,4,0,2010
11287,383,Castricum,22252,25,15,"0,07 %",26673,22292,"83,58 %",5806,4293,2491,3167,1787,1964,1944,202,18,294,132,108,14,20,4,1,1,6,2010
10383,109,Coevorden,21394,23,14,"0,07 %",27999,21431,"76,54 %",4687,5440,2952,3397,1958,993,964,509,87,205,111,70,11,6,0,4,0,0,2010
10219,1706,Cranendonck,11712,22,11,"0,09 %",15713,11745,"74,75 %",2325,1441,2511,2491,1668,501,415,71,10,122,101,30,15,4,3,3,1,0,2010
11346,611,Cromstrijen,7820,11,6,"0,08 %",10087,7837,"77,69 %",2113,1242,1191,1006,634,413,349,253,450,97,48,10,6,4,1,3,0,0,2010
10023,1684,Cuijk,13906,25,12,"0,09 %",18385,13943,"75,84 %",2429,2393,2083,2253,3001,769,670,47,2,127,75,22,16,15,2,0,2,0,2010
10342,216,Culemborg,15860,18,17,"0,11 %",20081,15895,"79,15 %",3490,3442,2661,1495,1326,1183,1393,400,125,180,62,63,18,11,7,2,2,0,2010
11007,148,Dalfsen,16596,24,14,"0,08 %",20555,16634,"80,92 %",2788,2413,1574,5012,1241,688,700,1658,287,85,89,26,14,16,2,2,1,0,2010
10650,1891,Dantumadiel,11191,19,5,"0,04 %",14958,11215,"74,98 %",912,2104,1556,2832,1248,252,369,1282,472,86,23,35,9,4,3,2,0,2,2010
10168,310,De Bilt,26870,24,34,"0,13 %",32204,26928,"83,62 %",7164,4481,2788,3103,1959,2794,2286,867,746,417,104,113,22,18,4,1,3,0,2010
10180,1663,De Marne,6379,16,5,"0,08 %",8295,6400,"77,15 %",916,1588,716,1050,693,202,477,502,39,124,34,24,7,5,0,1,0,1,2010
11379,736,De Ronde Venen,20921,19,18,"0,09 %",25971,20958,"80,70 %",6951,2287,3185,3563,1238,1314,854,760,301,231,120,59,29,19,2,8,0,0,2010
10262,1690,De Wolden,14877,27,9,"0,06 %",18260,14913,"81,67 %",4049,2840,1694,2655,1037,866,789,509,88,155,108,63,10,10,3,0,1,0,2010
10928,503,Delft,54578,95,98,"0,18 %",71621,54771,"76,47 %",10117,11419,7536,4737,4594,7410,5695,1444,249,818,229,102,135,37,16,32,8,0,2010
10976,10,Delfzijl,14465,17,26,"0,18 %",20934,14508,"69,30 %",2018,4072,2302,1774,1855,556,642,864,45,201,75,25,15,7,2,3,0,9,2010
10285,400,Den Helder,30817,48,20,"0,06 %",44820,30885,"68,91 %",6949,5518,6755,3054,3116,1568,1666,962,161,475,407,80,45,27,10,3,4,17,2010
10379,762,Deurne,18114,20,22,"0,12 %",24472,18156,"74,19 %",3572,2207,3179,4443,2639,834,740,87,3,119,195,61,14,12,2,2,5,0,2010
10899,150,Deventer,54491,97,34,"0,06 %",72973,54622,"74,85 %",9575,14629,6143,5716,5617,5048,4957,1379,94,681,330,154,70,46,10,28,14,0,2010
11039,384,Diemen,13332,29,7,"0,05 %",18119,13368,"73,78 %",2878,3664,2093,833,1169,1030,1134,170,10,214,72,31,15,14,5,0,0,0,2010
10245,1774,Dinkelland,15967,18,7,"0,04 %",19486,15992,"82,07 %",3150,1748,2241,6112,1110,683,545,130,4,80,94,45,13,8,0,3,1,0,2010
11344,504,Dirksland,5092,4,5,"0,10 %",6349,5101,"80,34 %",840,595,832,695,376,127,114,390,1024,58,28,7,2,1,0,3,0,0,2010
10327,221,Doesburg,6590,10,6,"0,09 %",8885,6606,"74,35 %",1154,1435,984,735,1078,508,412,111,16,94,26,19,9,3,1,2,1,2,2010
10396,222,Doetinchem,32175,42,24,"0,07 %",43125,32241,"74,76 %",5857,7381,4625,4817,3955,1973,2006,600,291,353,142,112,24,14,3,11,8,3,2010
11412,766,Dongen,14163,19,20,"0,14 %",19244,14202,"73,80 %",3080,2305,2192,2269,2173,908,719,169,18,173,93,31,9,16,1,1,6,0,2010
10198,58,Dongeradeel,14152,22,6,"0,04 %",18620,14180,"76,15 %",1491,2586,1561,4309,1525,449,640,1178,120,154,57,59,13,7,0,1,0,2,2010
11157,505,Dordrecht,62371,127,72,"0,12 %",88495,62570,"70,70 %",11490,12557,10954,5833,7028,3872,4294,3007,1638,1059,320,143,94,35,26,11,10,0,2010
10642,498,Drechterland,11482,18,11,"0,10 %",14608,11511,"78,80 %",3461,1673,1659,1893,1039,708,644,82,9,147,106,35,7,7,3,4,2,3,2010
10258,1719,Drimmelen,15198,6,10,"0,07 %",20766,15214,"73,26 %",3447,2348,2879,2683,1716,845,763,102,16,195,127,51,11,11,2,1,1,0,2010
10210,303,Dronten,22591,35,11,"0,05 %",28646,22637,"79,02 %",6346,2979,3054,4082,1698,1207,1117,1436,192,203,150,71,20,18,6,4,0,8,2010
10068,225,Druten,10362,15,5,"0,05 %",13620,10382,"76,23 %",2125,1899,1830,1617,1499,630,514,51,3,95,59,16,7,14,0,3,0,0,2010
11028,226,Duiven,14865,13,10,"0,07 %",19052,14888,"78,14 %",3518,2728,2286,2224,1800,927,857,223,11,170,68,29,9,10,0,3,2,0,2010
10941,1711,Echt-Susteren,19408,18,33,"0,17 %",25712,19459,"75,68 %",2576,2527,6088,3818,2172,625,940,119,9,302,116,79,17,10,3,2,5,0,2010
10884,385,Edam-Volendam,17780,22,8,"0,04 %",21626,17810,"82,35 %",4537,1603,5563,3456,912,581,612,99,22,176,140,54,12,5,1,3,4,0,2010
10743,228,Ede,64251,110,26,"0,04 %",80168,64387,"80,32 %",12390,8143,8005,11418,3511,3251,3071,6427,6832,595,257,128,51,51,7,85,13,16,2010
10248,317,Eemnes,5354,2,10,"0,19 %",6539,5366,"82,06 %",1618,827,686,788,360,429,319,149,35,84,32,11,4,8,0,2,2,0,2010
10246,1651,Eemsmond,9742,12,11,"0,11 %",12643,9765,"77,24 %",1189,2651,1040,1599,1063,277,587,1009,101,148,30,24,14,8,0,1,0,1,2010
10741,770,Eersel,10843,13,8,"0,07 %",14156,10864,"76,74 %",2201,1342,1558,3082,1213,625,502,70,3,87,105,22,13,15,0,4,1,0,2010
10314,905,Eijsden,6729,7,8,"0,12 %",8874,6744,"76,00 %",1189,1127,1524,1205,794,339,363,26,4,85,40,21,2,5,2,2,1,0,2010
11298,772,Eindhoven,114477,215,142,"0,12 %",159882,114834,"71,82 %",20950,23448,18490,12199,15729,10049,9088,1548,114,1465,580,359,235,139,36,30,18,0,2010
11113,230,Elburg,13379,14,7,"0,05 %",16644,13400,"80,51 %",2018,1189,1572,2993,721,350,331,2273,1769,75,47,15,4,3,0,5,0,14,2010
11180,114,Emmen,60035,100,39,"0,06 %",84906,60174,"70,87 %",8297,17409,10414,8690,6635,2430,2902,1753,169,625,375,188,59,37,14,28,10,0,2010
10729,388,Enkhuizen,10555,18,11,"0,10 %",13858,10584,"76,37 %",2201,2256,1603,1148,1312,659,718,221,130,185,54,40,14,5,4,4,0,1,2010
10364,153,Enschede,82150,187,101,"0,12 %",117830,82438,"69,96 %",14009,19891,12676,9148,8835,6922,5567,3094,184,920,417,201,143,76,29,26,12,0,2010
10940,232,Epe,19863,39,11,"0,06 %",25752,19913,"77,33 %",4411,3951,2632,3337,1474,1071,882,1021,640,233,119,57,5,17,0,5,3,5,2010
10732,233,Ermelo,16095,20,22,"0,14 %",20295,16137,"79,51 %",3125,1782,1753,3840,1048,740,743,1853,895,166,55,43,10,11,2,8,1,20,2010
10750,777,Etten-Leur,22743,36,24,"0,11 %",31614,22803,"72,13 %",5341,3813,4270,3292,2758,1393,1120,208,14,244,171,58,27,24,5,2,3,0,2010
11284,1722,Ferwerderadiel,5022,12,5,"0,10 %",6739,5039,"74,77 %",659,950,530,1422,586,178,226,344,25,70,11,15,4,0,0,2,0,0,2010
10404,70,Franekeradeel,11850,10,6,"0,05 %",15827,11866,"74,97 %",1877,2866,1337,2400,1431,484,679,515,41,112,46,43,8,8,0,1,0,2,2010
10036,653,Gaasterlân-Sleat,6486,10,4,"0,06 %",7985,6500,"81,40 %",1113,1106,718,1735,631,297,351,249,144,72,31,32,2,4,0,1,0,0,2010
10101,779,Geertruidenberg,11808,13,6,"0,05 %",16577,11827,"71,35 %",2517,1977,2447,1705,1579,586,592,91,22,121,108,39,13,6,0,3,2,0,2010
10881,236,Geldermalsen,16113,20,19,"0,12 %",19523,16152,"82,73 %",4054,2208,2812,2334,1005,825,718,424,1402,143,123,29,13,13,3,4,3,0,2010
10529,1771,Geldrop-Mierlo,21912,30,20,"0,09 %",29315,21962,"74,92 %",4092,3491,3979,3516,3278,1446,1363,211,9,264,139,62,30,16,2,7,7,0,2010
10277,1652,Gemert-Bakel,16332,19,21,"0,13 %",21961,16372,"74,55 %",2878,1900,3003,4054,2709,624,724,69,6,138,158,34,9,17,4,2,3,0,2010
10542,907,Gennep,9647,19,6,"0,06 %",13314,9672,"72,65 %",1619,1486,1590,1605,2074,620,402,48,7,85,56,34,4,12,0,0,5,0,2010
10255,689,Giessenlanden,9237,12,5,"0,05 %",10915,9254,"84,78 %",2249,1338,1088,1785,622,384,294,895,449,63,39,15,7,5,1,1,2,0,2010
11375,784,Gilze en Rijen,14422,17,8,"0,06 %",19324,14447,"74,76 %",2988,2513,2603,2397,1844,869,779,83,9,151,119,25,14,18,4,2,4,0,2010
10981,511,Goedereede,7431,10,3,"0,04 %",8765,7444,"84,93 %",1394,714,944,1361,385,202,156,501,1654,62,32,19,1,0,0,5,1,0,2010
10674,664,Goes,21713,21,25,"0,12 %",28652,21759,"75,94 %",3775,4089,2508,3716,2175,1230,1352,940,1391,316,116,61,24,15,1,4,0,0,2010
10971,785,Goirle,13537,10,25,"0,18 %",17713,13572,"76,62 %",2916,2416,2101,2003,1963,1010,753,62,3,148,113,20,7,16,2,0,4,0,2010
10942,512,Gorinchem,18751,35,13,"0,07 %",25421,18799,"73,95 %",3842,4179,2877,1844,1938,1212,1161,921,348,242,91,46,22,15,10,1,2,0,2010
10302,513,Gouda,41115,73,42,"0,10 %",52501,41230,"78,53 %",7088,8908,6524,3969,3335,3131,3266,2195,1638,587,276,92,54,26,12,12,2,0,2010
10451,693,Graafstroom,5976,8,2,"0,03 %",6993,5986,"85,60 %",902,438,505,1596,277,134,145,931,988,27,16,11,1,3,1,1,0,0,2010
11417,365,Graft-De Rijp,4111,7,2,"0,05 %",4925,4120,"83,65 %",1231,791,543,562,357,285,238,18,1,43,28,5,4,2,0,2,0,1,2010
10165,786,Grave,7369,8,6,"0,08 %",9517,7383,"77,58 %",1561,1090,1181,1222,1219,417,423,47,2,93,75,20,6,10,1,1,1,0,2010
10616,241,Groesbeek,11334,29,6,"0,05 %",14979,11369,"75,90 %",1683,2327,2156,1983,1542,574,727,75,8,149,57,29,5,9,1,4,5,0,2010
10426,14,Groningen,115287,160,166,"0,14 %",150336,115613,"76,90 %",17693,33124,8534,7330,13319,12480,14558,4990,318,1877,254,345,238,125,32,16,0,54,2010
11080,15,Grootegast,6854,9,6,"0,09 %",9031,6869,"76,06 %",861,1072,842,1981,632,195,275,780,87,72,30,16,1,5,0,0,0,5,2010
11032,1729,Gulpen-Wittem,9447,8,17,"0,18 %",11728,9472,"80,76 %",1326,1393,2424,1966,1015,360,619,99,7,142,45,43,1,5,1,0,1,0,2010
11435,158,Haaksbergen,14636,17,11,"0,08 %",18804,14664,"77,98 %",2995,2479,2127,3600,1480,903,607,129,14,117,110,48,7,9,2,7,2,0,2010
11155,788,Haaren,7696,14,7,"0,09 %",10409,7717,"74,14 %",1842,1022,1022,1825,846,469,416,52,2,90,63,27,9,8,0,2,1,0,2010
10357,392,Haarlem,86219,181,78,"0,09 %",112970,86478,"76,55 %",16363,22081,10450,6188,7891,9334,9812,1210,129,1765,403,317,128,94,39,15,0,0,2010
10508,393,Haarlemmerliede en Spaarnwoude,3351,3,4,"0,12 %",4114,3358,"81,62 %",957,561,557,443,241,267,208,27,4,47,19,11,6,2,0,1,0,0,2010
11387,394,Haarlemmermeer,80108,154,67,"0,08 %",103493,80329,"77,62 %",25393,12651,13160,8886,5500,5981,4223,1759,452,1091,581,205,97,72,28,29,0,0,2010
10397,1655,Halderberge,16078,30,10,"0,06 %",22672,16118,"71,09 %",3395,2486,3637,2744,1857,763,644,108,16,154,185,37,27,18,2,2,3,0,2010
10174,160,Hardenberg,34762,33,31,"0,09 %",44470,34826,"78,31 %",5343,5439,4138,9114,2746,1059,1145,4703,497,263,175,71,29,26,5,7,2,0,2010
10786,243,Harderwijk,25514,52,19,"0,07 %",33192,25585,"77,08 %",5669,3612,3148,5085,1654,1320,1310,2651,520,289,101,70,35,16,3,8,9,14,2010
10167,523,Hardinxveld-Giessendam,10709,11,2,"0,02 %",13047,10722,"82,18 %",1488,1180,1315,1797,539,197,224,1880,1954,65,40,11,5,4,1,3,6,0,2010
11058,17,Haren,12177,13,12,"0,10 %",14291,12202,"85,38 %",2856,2952,760,1490,733,1229,1248,626,51,158,18,39,6,7,1,2,0,1,2010
10963,395,Harenkarspel,9397,8,15,"0,16 %",11914,9420,"79,07 %",2580,1498,1282,1685,812,560,593,78,5,137,90,50,12,7,5,2,1,0,2010
10909,72,Harlingen,9101,16,7,"0,08 %",12155,9124,"75,06 %",1534,2297,1276,1065,1372,396,586,350,22,113,46,28,9,3,0,1,0,3,2010
10673,244,Hattem,7440,5,3,"0,04 %",8986,7448,"82,88 %",1154,1550,655,1375,482,405,315,1255,131,49,31,21,6,4,1,1,3,2,2010
10679,396,Heemskerk,22199,50,12,"0,05 %",29571,22261,"75,28 %",4820,4288,3675,2911,2292,1537,1684,313,20,356,166,78,29,19,4,7,0,0,2010
11288,397,Heemstede,16391,32,10,"0,06 %",19771,16433,"83,12 %",5710,2754,1267,1993,759,2146,1213,179,28,227,37,48,11,10,7,2,0,0,2010
10291,246,Heerde,11259,17,5,"0,04 %",14254,11281,"79,14 %",1872,1927,1307,2595,688,450,376,1567,254,131,52,24,4,7,0,0,0,5,2010
10680,74,Heerenveen,25278,31,13,"0,05 %",33620,25322,"75,32 %",4647,7589,2652,2958,2819,1523,1667,848,71,275,84,81,30,20,5,3,0,6,2010
10752,398,Heerhugowaard,27852,51,37,"0,13 %",37979,27940,"73,57 %",7075,5287,4051,3254,3130,1858,1844,522,22,361,248,105,42,30,6,5,7,5,2010
10902,917,Heerlen,47515,95,53,"0,11 %",70702,47663,"67,41 %",5152,8444,13818,5161,8724,1865,2456,394,35,746,363,216,76,30,6,16,13,0,2010
10462,1658,Heeze-Leende,9415,9,4,"0,04 %",11886,9428,"79,32 %",2265,1140,1300,2246,1176,616,404,68,3,91,71,20,5,7,1,1,1,0,2010
10793,399,Heiloo,14322,20,8,"0,06 %",17296,14350,"82,97 %",4077,2843,1395,1940,914,1362,1240,134,15,227,88,55,9,15,1,3,4,0,2010
10806,163,Hellendoorn,21872,20,9,"0,04 %",27480,21901,"79,70 %",3245,3155,2660,7194,2099,933,904,1223,115,166,105,37,13,16,2,4,1,0,2010
11078,530,Hellevoetsluis,21841,34,27,"0,12 %",30626,21902,"71,51 %",5923,3474,5297,1571,2321,1034,1116,357,72,378,166,70,20,20,5,8,9,0,2010
10932,794,Helmond,44657,91,32,"0,07 %",64148,44780,"69,81 %",8622,7349,10420,5437,7010,2223,2246,272,13,457,377,112,56,44,4,6,9,0,2010
10416,531,Hendrik-Ido-Ambacht,15717,21,16,"0,10 %",19910,15754,"79,13 %",3624,2033,2465,2062,1136,677,548,998,1895,157,71,18,10,16,0,5,2,0,2010
10907,164,Hengelo,46247,71,40,"0,09 %",61168,46358,"75,79 %",8170,10358,6012,7178,6360,3323,2727,1096,60,477,222,138,76,29,4,5,12,0,2010
10128,63,Het Bildt,6018,8,3,"0,05 %",8005,6029,"75,32 %",869,1409,685,1337,814,201,342,224,17,65,18,24,5,5,1,2,0,0,2010
10600,252,Heumen,10245,10,10,"0,10 %",12515,10265,"82,02 %",2099,1914,1123,1827,1264,898,831,76,2,124,36,33,6,10,0,0,2,0,2010
10307,797,Heusden,24748,46,20,"0,08 %",32728,24814,"75,82 %",5644,3361,4723,4325,3163,1542,1079,226,37,271,233,77,21,33,7,4,2,0,2010
11236,534,Hillegom,12456,15,2,"0,02 %",15634,12473,"79,78 %",3476,1814,2151,1797,975,862,769,161,66,222,93,29,15,18,4,3,1,0,2010
11297,798,Hilvarenbeek,9121,8,2,"0,02 %",11467,9131,"79,63 %",2108,1293,1112,2144,1178,545,452,41,9,110,82,32,2,11,1,0,1,0,2010
11285,402,Hilversum,48891,73,30,"0,06 %",63505,48994,"77,15 %",11524,10048,6527,4474,4315,5189,4011,1285,235,808,199,133,90,31,14,8,0,0,2010
10076,1735,Hof van Twente,21916,24,12,"0,05 %",27296,21952,"80,42 %",4985,4102,2625,5662,1726,1314,813,278,48,162,126,41,13,15,1,3,2,0,2010
10839,118,Hoogeveen,31406,57,16,"0,05 %",42317,31479,"74,39 %",4654,6045,4936,6987,3238,1037,1266,2247,429,257,191,65,18,25,1,4,6,0,2010
10410,18,Hoogezand-Sappemeer,18602,20,25,"0,13 %",26952,18647,"69,19 %",2706,5796,2855,1355,2472,879,1221,774,58,294,99,32,23,21,5,6,0,6,2010
11392,405,Hoorn,39024,62,41,"0,11 %",52833,39127,"74,06 %",9128,8718,5768,3511,4470,2830,2896,509,55,641,231,131,57,47,7,8,5,12,2010
11108,1507,Horst aan de Maas,24040,36,25,"0,10 %",31518,24101,"76,47 %",4000,2638,4885,6124,3712,1056,1025,108,12,211,158,66,22,16,2,2,3,0,2010
10230,321,Houten,28673,26,17,"0,06 %",34625,28716,"82,93 %",7102,4580,3702,3629,2196,2482,2188,1579,626,305,157,68,34,16,5,2,2,0,2010
11170,406,Huizen,25352,36,19,"0,07 %",31848,25407,"79,78 %",6897,4012,3252,3575,1730,1966,1564,1319,455,338,104,84,23,19,8,6,0,0,2010
11408,677,Hulst,14546,27,13,"0,09 %",20358,14586,"71,65 %",2686,2640,3054,2714,1657,527,728,113,24,182,151,30,17,14,4,5,0,0,2010
10152,353,IJsselstein,19460,28,10,"0,05 %",25051,19498,"77,83 %",5325,3449,3085,2309,1764,1413,1103,469,185,185,100,42,13,7,9,1,1,0,2010
11230,1884,Kaag en Braassem,15839,14,6,"0,04 %",19563,15859,"81,07 %",4624,1788,2505,3248,1168,1066,841,187,46,180,116,33,14,15,3,3,2,0,2010
10253,166,Kampen,29389,42,37,"0,13 %",36954,29468,"79,74 %",3594,4543,3231,5869,2440,984,1307,4329,2698,201,100,56,21,11,0,1,4,0,2010
11223,678,Kapelle,7630,13,5,"0,07 %",9188,7648,"83,24 %",1405,1037,826,1688,585,324,294,439,862,90,52,13,6,6,0,3,0,0,2010
10707,537,Katwijk,35361,66,7,"0,02 %",45808,35434,"77,35 %",6262,3225,5761,8799,1983,1137,1066,3762,2733,351,179,34,32,24,3,9,1,0,2010
10313,928,Kerkrade,24213,29,24,"0,10 %",36270,24266,"66,90 %",2345,4459,8778,2815,3340,601,1005,107,21,424,189,71,26,15,7,3,7,0,2010
10354,1598,Koggenland,13193,16,8,"0,06 %",16448,13217,"80,36 %",3748,1725,1889,2708,1080,768,769,78,13,180,149,47,14,17,3,1,4,0,2010
10984,79,Kollumerland en Nieuwkruisland,7302,9,6,"0,08 %",9960,7317,"73,46 %",890,1163,976,2157,778,186,298,626,62,79,37,38,6,2,1,0,0,3,2010
10914,588,Korendijk,6752,5,2,"0,03 %",8350,6759,"80,95 %",1433,814,1085,877,492,245,246,302,1116,80,34,17,7,2,1,1,0,0,2010
10859,542,Krimpen aan den IJssel,17491,32,8,"0,05 %",22035,17531,"79,56 %",3473,2794,2739,1932,1194,853,773,1155,2227,210,71,32,11,17,6,1,3,0,2010
10173,1659,Laarbeek,12453,16,6,"0,05 %",16521,12475,"75,51 %",2408,1626,2318,2752,1914,568,507,45,5,107,140,38,9,14,1,1,0,0,2010
10276,1685,Landerd,9002,10,9,"0,10 %",11380,9021,"79,27 %",1791,1160,1418,2214,1439,409,347,47,1,72,74,15,7,7,0,0,1,0,2010
11335,882,Landgraaf,21462,32,30,"0,14 %",30368,21524,"70,88 %",2408,3419,7196,2519,3347,704,1000,132,24,339,211,103,27,19,3,8,3,0,2010
11225,415,Landsmeer,6416,10,4,"0,06 %",7976,6430,"80,62 %",1902,1496,1035,402,425,485,446,37,19,101,42,7,7,7,4,1,0,0,2010
10955,416,Langedijk,16076,25,15,"0,09 %",20202,16116,"79,77 %",4367,2536,2156,2343,1395,1188,1203,403,35,215,143,50,21,9,5,2,1,4,2010
10139,1621,Lansingerland,31105,39,29,"0,09 %",38227,31173,"81,55 %",10025,3440,4812,4836,1781,2128,1445,1693,286,351,183,54,30,24,8,6,3,0,2010
10649,417,Laren,6985,6,3,"0,04 %",8470,6994,"82,57 %",3195,841,661,801,331,609,350,46,4,93,30,18,3,2,1,0,0,0,2010
10604,22,Leek,11371,20,7,"0,06 %",14765,11398,"77,20 %",1823,2914,1225,1722,1108,564,724,996,96,102,46,33,7,5,0,1,0,5,2010
10685,545,Leerdam,11492,20,13,"0,11 %",15355,11525,"75,06 %",2168,2032,1948,1674,826,611,379,782,850,112,52,23,15,10,2,4,4,0,2010
11228,80,Leeuwarden,54692,94,65,"0,12 %",73352,54851,"74,78 %",7556,16764,6420,5266,7048,3400,4737,1991,128,849,179,164,83,67,13,6,0,21,2010
10851,81,Leeuwarderadeel,6425,7,2,"0,03 %",8010,6434,"80,32 %",955,1902,617,1138,735,277,394,263,8,84,28,16,3,3,0,1,0,1,2010
10702,546,Leiden,68687,126,111,"0,16 %",87972,68924,"78,35 %",12226,16057,9071,4451,5881,9585,7934,1276,200,1354,210,156,133,84,29,23,17,0,2010
10058,547,Leiderdorp,16144,20,13,"0,08 %",20025,16177,"80,78 %",4231,3026,2118,1858,1193,1650,1223,334,138,223,67,31,23,22,5,0,2,0,2010
11103,1916,Leidschendam-Voorburg,42614,91,41,"0,10 %",54984,42746,"77,74 %",11732,7164,6224,5252,2987,4309,2934,673,147,708,234,140,49,35,10,6,10,0,2010
11110,995,Lelystad,38497,115,36,"0,09 %",54544,38648,"70,86 %",9099,7986,7426,2807,3912,2003,2379,1436,194,669,308,150,66,31,5,12,0,14,2010
10142,82,Lemsterland,7986,9,5,"0,06 %",10215,8000,"78,32 %",1875,1585,1141,1368,836,374,353,255,39,78,34,34,5,5,0,3,0,1,2010
10840,1640,Leudal,21349,15,31,"0,15 %",28359,21395,"75,44 %",4029,2418,5133,4720,2433,992,985,128,8,261,132,65,18,10,6,2,9,0,2010
10978,327,Leusden,18026,16,10,"0,06 %",21649,18052,"83,38 %",5073,2789,1802,2658,1229,1528,1325,967,268,200,61,79,19,10,7,6,5,0,2010
11205,694,Liesveld,5948,3,0,"0,00 %",7128,5951,"83,49 %",1091,690,700,1221,320,162,148,823,698,42,35,7,2,6,1,1,1,0,2010
11376,733,Lingewaal,6697,9,2,"0,03 %",8288,6708,"80,94 %",1454,1081,1142,1210,403,246,247,482,290,77,42,9,2,7,2,0,3,0,2010
10744,1705,Lingewaard,26814,38,26,"0,10 %",34839,26878,"77,15 %",6031,4676,4272,4676,3040,1744,1663,191,24,260,129,55,11,26,5,0,6,5,2010
10197,553,Lisse,13689,13,7,"0,05 %",16987,13709,"80,70 %",3865,1652,1940,2405,932,942,636,352,630,179,82,42,9,13,1,5,4,0,2010
11219,808,Lith,3988,11,3,"0,08 %",5035,4002,"79,48 %",872,483,715,938,555,188,135,20,3,31,31,6,6,5,0,0,0,0,2010
10422,140,Littenseradiel,6634,4,4,"0,06 %",8129,6642,"81,71 %",1160,1531,502,1558,712,347,502,183,5,69,15,35,7,4,2,2,0,0,2010
11263,262,Lochem,21313,38,16,"0,08 %",26169,21367,"81,65 %",5817,4710,1699,3233,1681,1868,1498,317,24,247,98,85,12,11,4,3,6,0,2010
11202,329,Loenen,5338,10,3,"0,06 %",6366,5351,"84,06 %",1773,725,562,750,284,544,346,129,107,70,27,15,4,1,0,0,1,0,2010
11259,809,Loon op Zand,13190,12,10,"0,08 %",17861,13212,"73,97 %",3025,1904,2570,2337,1546,697,578,97,67,176,125,38,14,8,5,0,3,0,2010
10333,331,Lopik,8365,11,6,"0,07 %",10419,8382,"80,45 %",1818,736,1475,1915,474,264,258,762,484,78,64,22,7,5,1,1,1,0,2010
10934,24,Loppersum,6357,7,3,"0,05 %",8128,6367,"78,33 %",727,1538,595,1231,688,258,524,574,67,89,39,14,8,3,0,0,0,2,2010
11166,168,Losser,13017,21,2,"0,02 %",17597,13040,"74,10 %",2479,2117,2330,3227,1327,643,518,121,10,93,101,29,10,5,3,2,2,0,2010
10191,333,Maarssen,23427,43,17,"0,07 %",30458,23487,"77,11 %",6103,4045,4251,2508,1835,1870,1612,519,107,307,156,60,26,13,5,0,10,0,2010
10370,1671,Maasdonk,6388,9,10,"0,16 %",8471,6407,"75,63 %",1250,713,1275,1559,962,246,223,25,0,41,72,8,1,8,2,2,1,0,2010
10341,263,Maasdriel,14193,9,10,"0,07 %",17991,14212,"79,00 %",3336,1662,3414,2553,1361,638,503,185,232,138,107,47,11,5,0,1,0,0,2010
10964,1641,Maasgouw,14138,20,21,"0,15 %",19481,14179,"72,78 %",2609,1725,3790,2597,1691,615,592,97,14,215,106,61,13,10,3,0,0,0,2010
10880,556,Maassluis,18264,30,19,"0,10 %",24237,18313,"75,56 %",4309,3481,3491,2407,1662,958,789,603,108,269,93,57,14,13,7,1,2,0,2010
10182,935,Maastricht,64608,108,86,"0,13 %",92211,64802,"70,28 %",9463,13940,14806,6964,7039,5044,5026,465,46,986,429,235,75,50,17,13,10,0,2010
11243,936,Margraten,8344,9,7,"0,08 %",10407,8360,"80,33 %",1455,1234,1781,1815,827,469,498,63,4,97,41,36,8,11,1,2,2,0,2010
11431,25,Marum,5979,12,8,"0,13 %",7915,5999,"75,79 %",1054,1313,812,1083,574,251,271,416,61,79,38,14,6,4,1,1,0,1,2010
11215,420,Medemblik,15901,17,8,"0,05 %",20691,15926,"76,97 %",4106,2417,2576,2593,1454,989,883,309,89,236,150,49,16,17,5,3,8,1,2010
10494,938,Meerssen,11991,15,16,"0,13 %",15461,12022,"77,76 %",2010,1882,2852,2030,1501,637,641,69,9,183,108,37,10,9,4,4,5,0,2010
11144,83,Menaldumadeel,8249,10,8,"0,10 %",10504,8267,"78,70 %",1298,2244,865,1566,985,364,508,266,28,75,20,14,7,3,1,3,0,2,2010
11282,1987,Menterwolde,7110,13,6,"0,08 %",9815,7129,"72,63 %",989,2288,1166,518,1004,285,446,225,25,103,31,8,6,5,1,1,0,9,2010
11204,119,Meppel,19317,22,15,"0,08 %",24830,19354,"77,95 %",4021,4749,2341,2439,1910,1156,1168,1059,67,208,100,58,20,11,3,4,3,0,2010
10122,687,Middelburg,28025,46,17,"0,06 %",36230,28088,"77,53 %",3959,6257,3068,3902,2546,1569,2086,1718,2178,455,122,85,35,22,7,16,0,0,2010
11067,559,Middelharnis,10790,28,5,"0,05 %",13916,10823,"77,77 %",1929,1383,1626,1481,850,381,384,937,1623,106,53,13,7,13,0,2,2,0,2010
10130,1842,Midden-Delfland,11273,10,5,"0,04 %",13355,11288,"84,52 %",3139,1230,1453,2724,609,840,648,380,53,88,70,23,9,2,3,1,1,0,2010
10520,1731,Midden-Drenthe,20562,21,17,"0,08 %",26021,20600,"79,17 %",4216,5258,2309,3361,1859,956,1246,814,75,207,167,55,13,16,1,5,4,0,2010
10535,815,Mill en Sint Hubert,6634,4,7,"0,11 %",8516,6645,"78,03 %",1217,746,1044,1646,1359,250,214,25,4,41,57,12,4,9,3,0,3,0,2010
10072,265,Millingen aan de Rijn,3457,5,3,"0,09 %",4547,3465,"76,20 %",532,845,582,418,687,150,146,19,2,43,19,9,2,1,1,1,0,0,2010
10046,1709,Moerdijk,20612,19,13,"0,06 %",28171,20644,"73,28 %",4688,2894,3796,3549,2649,951,890,553,77,308,184,45,14,9,3,2,0,0,2010
10350,1955,Montferland,20204,37,12,"0,06 %",27339,20253,"74,08 %",3671,3661,3867,4379,2341,905,845,120,7,195,122,49,14,12,6,2,7,1,2010
10033,335,Montfoort,8152,7,8,"0,10 %",9934,8167,"82,21 %",2127,973,1160,1469,516,487,436,468,386,59,40,18,8,4,1,0,0,0,2010
10271,944,Mook en Middelaar,5026,7,3,"0,06 %",6149,5036,"81,90 %",1116,894,588,745,680,430,412,38,0,71,15,24,2,10,1,0,0,0,2010
10958,424,Muiden,4061,5,1,"0,02 %",4851,4067,"83,84 %",1177,837,416,428,259,509,306,28,2,64,21,6,5,1,2,0,0,0,2010
10187,425,Naarden,10475,6,11,"0,11 %",12354,10492,"84,93 %",4002,1588,883,1068,539,1233,721,142,33,187,32,32,1,6,4,4,0,0,2010
10916,1740,Neder-Betuwe,12988,13,7,"0,05 %",16152,13008,"80,53 %",1938,1932,2041,1679,582,358,258,616,3426,75,54,15,7,3,2,0,2,0,2010
10050,643,Nederlek,8864,9,9,"0,10 %",10998,8882,"80,76 %",2142,1582,1406,1026,768,457,398,347,519,129,56,12,9,8,2,3,0,0,2010
10681,946,Nederweert,9770,10,8,"0,08 %",13013,9788,"75,22 %",1968,1092,2244,2307,1141,337,393,41,6,92,93,32,8,12,1,0,3,0,2010
10125,304,Neerijnen,7090,8,3,"0,04 %",8789,7101,"80,79 %",1596,1022,1317,1102,424,263,218,240,786,66,29,12,3,8,2,1,1,0,2010
10923,412,Niedorp,7038,17,7,"0,10 %",9106,7062,"77,55 %",2052,1275,1067,832,680,427,450,45,3,97,57,32,8,5,4,3,1,0,2010
10374,356,Nieuwegein,34894,69,41,"0,12 %",47108,35004,"74,31 %",7543,7018,6587,3566,3952,2139,2310,841,145,421,206,76,44,36,2,6,2,0,2010
10728,569,Nieuwkoop,16060,21,13,"0,08 %",20550,16094,"78,32 %",4624,1622,2531,3296,1190,955,766,482,227,171,113,51,8,11,4,3,6,0,2010
10547,571,Nieuw-Lekkerland,5614,5,2,"0,04 %",6712,5621,"83,75 %",586,784,713,643,315,116,123,849,1411,53,12,3,1,3,2,0,0,0,2010
10768,104,Nijefurd,6913,8,4,"0,06 %",8448,6925,"81,97 %",1107,1356,790,1703,706,335,485,266,16,74,32,29,8,4,0,0,0,2,2010
10446,267,Nijkerk,23560,35,14,"0,06 %",29494,23609,"80,05 %",5186,2635,3210,5127,1386,1068,903,2234,1423,175,103,68,16,8,1,5,6,6,2010
11209,268,Nijmegen,96476,205,108,"0,11 %",127230,96789,"76,07 %",13068,23924,11131,7879,12724,10515,13997,972,59,1337,270,301,127,128,19,15,10,0,2010
10250,1695,Noord-Beveland,4683,6,1,"0,02 %",5916,4690,"79,28 %",1112,765,686,801,424,212,218,130,182,74,39,23,9,2,3,3,0,0,2010
10699,1699,Noordenveld,19202,22,10,"0,05 %",24165,19234,"79,59 %",4117,5492,2132,2007,1749,1175,1349,706,74,239,67,64,15,8,4,1,3,0,2010
10144,171,Noordoostpolder,25876,37,16,"0,06 %",33394,25929,"77,65 %",5630,3761,3107,5677,1983,1130,1116,2222,716,229,147,86,15,20,3,5,0,29,2010
10769,575,Noordwijk,15302,25,14,"0,09 %",19357,15341,"79,25 %",4957,2101,2421,2232,1063,1022,913,208,36,188,78,44,17,15,2,5,0,0,2010
11134,576,Noordwijkerhout,9434,15,12,"0,13 %",11763,9461,"80,43 %",2775,1096,1540,1772,691,616,584,87,7,112,88,44,8,12,1,1,0,0,2010
10761,820,Nuenen Gerwen en Nederwetten,14016,13,15,"0,11 %",17176,14044,"81,77 %",3428,2200,1844,2502,1563,1258,818,108,8,135,50,49,19,25,3,4,2,0,2010
10512,302,Nunspeet,16689,21,10,"0,06 %",19957,16720,"83,78 %",2577,1281,1898,3340,698,425,372,2310,3552,123,57,24,7,8,1,2,2,12,2010
10104,951,Nuth,9813,14,16,"0,16 %",12630,9843,"77,93 %",1552,1488,2560,1660,1128,388,604,58,8,150,172,29,7,3,1,4,1,0,2010
10287,579,Oegstgeest,13849,9,14,"0,10 %",16294,13872,"85,14 %",4249,2515,1174,1513,734,1834,1118,327,51,212,36,34,26,20,0,6,0,0,2010
10225,823,Oirschot,10564,13,13,"0,12 %",13705,10590,"77,27 %",2081,1289,1753,2839,1242,610,426,40,7,96,126,31,7,14,2,0,1,0,2010
10103,824,Oisterwijk,15274,22,12,"0,08 %",19707,15308,"77,68 %",4066,2251,2118,2848,1690,1122,757,125,7,144,67,36,7,30,2,2,2,0,2010
10453,1895,Oldambt,22355,41,21,"0,09 %",31448,22417,"71,28 %",2899,6778,3692,1966,3478,789,1283,844,47,378,89,48,26,28,2,2,0,6,2010
11106,269,Oldebroek,13218,14,10,"0,08 %",17135,13242,"77,28 %",1426,1572,1634,2929,607,258,284,2686,1657,71,57,15,5,7,0,4,0,6,2010
11100,173,Oldenzaal,18866,24,22,"0,12 %",24447,18912,"77,36 %",3698,3426,2682,4047,2124,1343,1024,157,10,156,105,53,24,6,4,3,4,0,2010
10409,1773,Olst-Wijhe,10472,14,7,"0,07 %",13345,10493,"78,63 %",1970,2477,1039,2301,994,589,667,173,38,109,63,27,5,11,2,3,4,0,2010
11069,175,Ommen,11025,10,9,"0,08 %",13501,11044,"81,80 %",1947,1482,996,3354,738,491,419,1294,124,94,45,24,5,12,0,0,0,0,2010
10492,881,Onderbanken,4827,5,7,"0,15 %",6386,4839,"75,78 %",640,648,1641,717,637,155,250,16,2,56,36,20,3,3,1,2,0,0,2010
11094,1586,Oost Gelre,17715,17,7,"0,04 %",22890,17739,"77,50 %",3943,2773,2050,4802,2015,975,734,132,20,103,64,71,11,9,3,3,5,2,2010
11280,826,Oosterhout,30132,36,28,"0,09 %",41207,30196,"73,28 %",7077,5255,5832,3920,3522,2011,1560,241,37,311,207,97,25,24,7,3,3,0,2010
10714,580,Oostflakkee,6267,9,2,"0,03 %",8158,6278,"76,96 %",1169,1002,1262,867,523,179,221,423,456,101,43,15,1,3,0,1,1,0,2010
10836,85,Ooststellingwerf,15337,21,23,"0,15 %",20323,15381,"75,68 %",2496,4026,2008,2352,1779,639,963,596,75,211,89,69,18,7,2,4,0,3,2010
11303,431,Oostzaan,5558,4,3,"0,05 %",6966,5565,"79,89 %",1558,1077,1161,323,443,363,361,90,14,83,54,16,8,3,1,2,1,0,2010
10609,432,Opmeer,6653,8,2,"0,03 %",8589,6663,"77,58 %",1719,941,942,1422,621,387,349,41,4,86,77,34,9,9,3,4,3,2,2010
10005,86,Opsterland,17596,11,11,"0,06 %",22819,17618,"77,21 %",2746,4754,1631,2704,1994,776,1143,1356,137,156,67,93,14,10,2,4,0,9,2010
10834,828,Oss,42585,81,52,"0,12 %",58791,42718,"72,66 %",7701,6783,7883,6101,8209,2657,2113,212,21,384,336,89,36,33,9,6,12,0,2010
11301,584,Oud-Beijerland,14129,24,16,"0,11 %",17857,14169,"79,35 %",3339,1944,2157,1707,1188,844,696,762,1138,195,77,50,19,10,1,2,0,0,2010
10260,1509,Oude IJsselstreek,22975,32,23,"0,10 %",30504,23030,"75,50 %",4032,4393,3445,5108,2914,1259,1034,329,28,213,107,58,15,16,6,8,8,2,2010
10998,437,Ouder-Amstel,8016,8,2,"0,02 %",9815,8026,"81,77 %",2230,1617,878,941,465,888,637,108,71,122,26,14,8,6,2,3,0,0,2010
10095,644,Ouderkerk,5061,5,2,"0,04 %",6143,5068,"82,50 %",1009,698,706,770,269,192,158,490,683,55,23,5,1,2,0,0,0,0,2010
10188,589,Oudewater,6043,12,8,"0,13 %",7501,6063,"80,83 %",1604,626,888,1461,359,281,241,296,170,48,50,10,2,4,1,1,1,0,2010
11188,1734,Overbetuwe,26196,35,13,"0,05 %",33925,26244,"77,36 %",5877,4314,3769,4391,2601,1977,1554,746,475,265,122,55,16,18,2,3,7,4,2010
10427,590,Papendrecht,18818,21,15,"0,08 %",24353,18854,"77,42 %",4343,2969,3121,2405,1766,983,770,1299,735,246,112,33,22,8,0,4,2,0,2010
10205,1894,Peel en Maas,24916,27,36,"0,14 %",33131,24979,"75,39 %",4599,2595,6447,6072,2673,873,1016,111,14,229,175,49,30,23,2,1,7,0,2010
10848,765,Pekela,6964,10,9,"0,13 %",10017,6983,"69,71 %",669,2059,1566,612,1149,144,371,227,20,90,36,12,5,2,0,1,0,1,2010
10031,1926,Pijnacker-Nootdorp,27302,32,18,"0,07 %",33973,27352,"80,51 %",8354,3342,4314,3836,1750,2233,1698,702,207,360,400,55,18,24,2,2,5,0,2010
11066,439,Purmerend,43211,104,45,"0,10 %",60354,43360,"71,84 %",10757,9438,8879,2776,4634,2484,2472,453,46,649,365,112,73,39,9,6,2,17,2010
11109,273,Putten,14601,19,6,"0,04 %",17713,14626,"82,57 %",2882,1165,1835,3809,638,452,420,1889,1271,112,74,26,10,9,1,3,2,3,2010
10279,177,Raalte,22089,30,23,"0,10 %",28277,22142,"78,30 %",3929,3596,2020,7407,2153,1201,1030,389,21,134,113,48,13,21,1,2,11,0,2010
10485,595,Reeuwijk,8405,7,4,"0,05 %",9975,8416,"84,37 %",2498,752,1123,1544,386,480,350,510,613,73,49,16,5,4,1,0,1,0,2010
10077,703,Reimerswaal,12431,20,13,"0,10 %",15314,12464,"81,39 %",1606,1258,1754,2004,813,235,254,567,3724,103,81,16,8,5,0,3,0,0,2010
11325,274,Renkum,19750,35,15,"0,08 %",24795,19800,"79,85 %",4608,4176,1986,2663,1593,2022,1695,411,91,299,63,92,25,9,5,5,4,3,2010
10269,339,Renswoude,2886,2,3,"0,10 %",3357,2891,"86,12 %",636,174,387,812,125,69,62,176,407,18,16,3,1,0,0,0,0,0,2010
10162,1667,Reusel-De Mierden,7196,7,6,"0,08 %",9861,7209,"73,11 %",1386,864,1176,1916,1103,320,223,37,6,71,66,12,2,8,2,3,1,0,2010
11355,275,Rheden,26525,51,21,"0,08 %",34767,26597,"76,50 %",5180,6244,3448,3058,3029,2082,2111,606,70,423,99,98,22,23,6,2,11,13,2010
10309,340,Rhenen,11449,12,11,"0,10 %",14178,11472,"80,91 %",2346,1599,1910,1448,595,645,535,552,1652,106,33,13,9,3,2,0,1,0,2010
10646,597,Ridderkerk,26636,34,18,"0,07 %",35758,26688,"74,64 %",4694,4325,5258,3137,2485,1110,1105,1625,2299,354,142,50,25,20,0,1,6,0,2010
10819,196,Rijnwaarden,6112,5,10,"0,16 %",8515,6127,"71,96 %",982,1141,1404,1041,819,267,283,39,1,58,32,33,4,2,1,2,1,2,2010
11257,1672,Rijnwoude,11525,10,13,"0,11 %",14171,11548,"81,49 %",2811,1467,1546,2125,888,779,511,514,621,129,81,27,7,16,1,2,0,0,2010
10358,1742,Rijssen-Holten,22944,31,9,"0,04 %",27031,22984,"85,03 %",2985,2385,2354,4857,1018,613,487,2808,5157,121,106,19,9,14,3,6,2,0,2010
11133,603,Rijswijk,27263,64,26,"0,10 %",36766,27353,"74,40 %",6201,4992,5415,2841,2207,2270,1955,510,88,464,182,64,36,25,2,7,4,0,2010
10196,1669,Roerdalen,12435,7,18,"0,14 %",16638,12460,"74,89 %",1978,1614,3913,2200,1348,466,517,64,7,176,86,41,11,6,1,2,5,0,2010
11313,957,Roermond,29629,87,33,"0,11 %",42211,29749,"70,48 %",5563,4883,7932,3686,3282,1623,1667,187,17,455,184,75,31,23,4,10,7,0,2010
10407,1674,Roosendaal,41072,85,29,"0,07 %",58693,41186,"70,17 %",8888,7234,8867,6098,4666,2114,1908,292,37,463,323,91,32,25,16,6,12,0,2010
10345,599,Rotterdam,280509,1341,373,"0,13 %",437884,282223,"64,45 %",48920,73682,53912,17726,26654,22351,21745,6145,1906,4961,1155,538,404,169,94,52,41,54,2010
10684,277,Rozendaal,1060,0,0,"0,00 %",1150,1060,"92,17 %",461,137,75,116,34,117,81,12,4,14,2,5,0,1,0,0,1,0,2010
11152,840,Rucphen,12021,26,9,"0,07 %",18210,12056,"66,21 %",2127,1453,4652,1754,1059,321,320,36,5,143,120,16,6,9,0,0,0,0,2010
10511,441,Schagen,11183,14,10,"0,09 %",14638,11207,"76,56 %",2917,2489,1462,1145,1208,797,711,119,10,171,72,37,12,10,14,3,4,2,2010
10308,458,Schermer,3300,1,1,"0,03 %",4025,3302,"82,04 %",970,586,432,525,254,208,182,37,4,38,40,9,3,2,0,4,4,2,2010
11146,279,Scherpenzeel,5649,7,5,"0,09 %",6863,5661,"82,49 %",1236,502,701,1165,197,180,155,446,1003,30,18,9,4,1,0,1,0,1,2010
11260,606,Schiedam,37451,97,53,"0,14 %",55521,37601,"67,72 %",6879,8369,8331,3077,4261,2371,2356,595,147,646,237,73,62,25,12,5,5,0,2010
10355,88,Schiermonnikoog,912,0,2,"0,22 %",742,914,"123,18 %",201,237,52,144,64,72,84,32,4,16,3,2,0,1,0,0,0,0,2010
11178,844,Schijndel,12763,16,6,"0,05 %",17741,12785,"72,06 %",2581,2012,2313,2317,1976,666,578,52,3,110,94,35,10,11,1,3,1,0,2010
10132,962,Schinnen,8456,8,10,"0,12 %",10484,8474,"80,83 %",1255,1285,2130,1577,1040,395,479,71,1,99,71,35,8,6,1,2,1,0,2010
10980,608,Schoonhoven,7172,11,10,"0,14 %",9084,7193,"79,18 %",1696,1246,985,1036,572,476,405,418,165,95,41,20,12,2,1,0,2,0,2010
10843,1676,Schouwen-Duiveland,22208,23,13,"0,06 %",26939,22244,"82,57 %",5136,3433,3260,3516,1714,904,939,945,1828,281,134,69,23,20,1,5,0,0,2010
11434,518,'s-Gravenhage,267584,2060,379,"0,14 %",377668,270023,"71,50 %",59925,63042,43725,18710,18234,28075,22687,4429,1054,4901,1240,740,399,252,94,77,0,0,2010
10054,796,'s-Hertogenbosch,80798,199,84,"0,10 %",107554,81081,"75,39 %",16720,15401,14356,8228,10209,6761,6364,620,51,1053,549,265,110,65,21,9,16,0,2010
10515,965,Simpelveld,6396,7,10,"0,16 %",8493,6413,"75,51 %",716,1066,2003,1146,779,211,273,42,5,67,42,28,7,5,3,0,3,0,2010
11415,1702,Sint Anthonis,7371,2,4,"0,05 %",8983,7377,"82,12 %",1400,650,754,2144,1760,244,254,35,4,44,48,23,5,3,1,1,1,0,2010
10496,845,Sint-Michielsgestel,16429,22,16,"0,10 %",21450,16467,"76,77 %",3620,2494,2568,3029,2149,1253,852,85,16,146,146,35,17,12,1,3,3,0,2010
10399,846,Sint-Oedenrode,10571,13,8,"0,08 %",13552,10592,"78,16 %",2161,1491,1478,2678,1517,576,450,45,4,60,66,20,15,6,3,1,0,0,2010
11230,1883,Sittard-Geleen,54254,89,55,"0,10 %",74877,54398,"72,65 %",7396,9135,15111,8094,6764,2356,3503,345,28,795,406,213,39,42,8,10,9,0,2010
10022,51,Skarsterlân,16365,10,10,"0,06 %",20866,16385,"78,52 %",3073,3752,1779,3459,1774,758,867,553,43,126,84,63,18,11,2,0,0,3,2010
11331,610,Sliedrecht,13861,18,8,"0,06 %",18338,13887,"75,73 %",2057,2094,1928,1833,1322,443,469,1522,1940,146,59,23,11,8,0,4,2,0,2010
10747,40,Slochteren,9131,12,9,"0,10 %",11957,9152,"76,54 %",1601,2236,1143,994,902,453,626,878,82,126,50,25,6,5,1,2,0,1,2010
10895,1714,Sluis,13532,18,12,"0,09 %",18202,13562,"74,51 %",3130,2534,2367,2231,1330,606,646,220,102,166,152,26,11,10,0,1,0,0,2010
10405,90,Smallingerland,32419,61,33,"0,10 %",42340,32513,"76,79 %",4092,8478,3498,5466,3796,1377,1864,3025,259,272,90,123,28,17,1,8,0,25,2010
11421,91,Sneek,19220,30,18,"0,09 %",25705,19268,"74,96 %",3401,4760,2251,2888,2447,1127,1234,674,28,237,68,65,20,11,0,5,0,4,2010
11021,342,Soest,27401,39,21,"0,08 %",34503,27461,"79,59 %",8318,4178,3758,3358,1799,2336,1689,896,328,405,130,128,36,23,11,2,6,0,2010
10203,847,Someren,10580,13,8,"0,08 %",14033,10601,"75,54 %",2081,1141,2099,2862,1316,439,350,68,2,68,96,34,8,12,1,2,1,0,2010
10549,848,Son en Breugel,9228,10,9,"0,10 %",11622,9247,"79,56 %",2590,1231,1135,1791,981,729,487,87,10,94,57,20,8,2,1,2,3,0,2010
10735,612,Spijkenisse,38453,72,45,"0,12 %",56165,38570,"68,67 %",7838,6995,10438,2634,4926,1646,1790,792,202,678,344,76,46,30,5,5,8,0,2010
10610,37,Stadskanaal,18104,43,10,"0,06 %",26062,18157,"69,67 %",2020,4710,2672,3248,2019,500,670,1774,123,194,107,37,14,9,2,2,0,3,2010
11362,180,Staphorst,9762,11,12,"0,12 %",11235,9785,"87,09 %",1051,583,901,1993,287,171,159,1675,2860,31,26,12,6,4,0,3,0,0,2010
11337,532,Stede Broec,12240,20,10,"0,08 %",16039,12270,"76,50 %",2892,1915,2300,1841,1448,652,636,154,32,168,115,56,8,10,6,2,5,0,2010
10731,851,Steenbergen,13062,16,5,"0,04 %",18187,13083,"71,94 %",2820,1940,3149,2043,1371,559,498,186,136,190,105,38,14,9,2,1,1,0,2010
10546,1708,Steenwijkerland,26224,22,18,"0,07 %",33302,26264,"78,87 %",5196,5385,3399,5052,2264,1163,1258,1768,194,218,166,100,28,14,6,6,7,0,2010
11319,971,Stein,15498,23,16,"0,10 %",20649,15537,"75,24 %",2113,2175,4977,2214,2143,612,705,68,12,240,132,73,21,5,2,4,2,0,2010
10558,617,Strijen,5421,6,6,"0,11 %",6977,5433,"77,87 %",1316,792,935,786,475,230,260,325,148,92,33,19,5,2,2,1,0,0,2010
10891,9,Ten Boer,4488,5,5,"0,11 %",5508,4498,"81,66 %",520,1132,398,719,506,178,310,569,76,39,10,15,10,1,2,2,0,1,2010
10704,715,Terneuzen,28991,46,19,"0,07 %",41076,29056,"70,74 %",4834,5443,5580,4440,2880,1183,1280,1479,1148,321,285,54,32,22,3,7,0,0,2010
11210,93,Terschelling,4417,0,3,"0,07 %",3797,4420,"116,41 %",995,1126,404,528,342,327,516,85,9,48,15,15,1,4,0,0,0,2,2010
10237,448,Texel,10137,20,4,"0,04 %",10548,10161,"96,33 %",2477,2032,1120,1519,945,711,830,216,62,133,41,25,7,8,2,4,2,3,2010
10017,1525,Teylingen,21462,24,26,"0,12 %",26370,21512,"81,58 %",6659,2961,2833,3574,1395,1846,1263,371,50,260,125,62,36,17,3,4,3,0,2010
10376,716,Tholen,14720,18,2,"0,01 %",18793,14740,"78,43 %",2125,1812,2357,2149,1199,322,352,893,3250,150,82,15,7,3,1,3,0,0,2010
10027,281,Tiel,21544,41,12,"0,06 %",30157,21597,"71,62 %",5050,4791,4154,1952,1902,1384,1221,423,143,277,143,50,25,20,6,0,3,0,2010
10792,855,Tilburg,105393,199,137,"0,13 %",156004,105729,"67,77 %",20666,21691,17014,11489,13759,9044,8100,743,85,1343,824,268,144,157,24,19,23,0,2010
10694,183,Tubbergen,12385,18,12,"0,10 %",15633,12415,"79,42 %",2311,1016,1874,5368,809,415,310,67,19,47,92,35,10,7,2,2,1,0,2010
10643,1700,Twenterand,19087,20,13,"0,07 %",25296,19120,"75,59 %",2110,2624,2814,5969,1452,460,478,2153,690,140,148,19,15,6,2,4,3,0,2010
10002,1730,Tynaarlo,20417,22,22,"0,11 %",25111,20461,"81,48 %",4828,5466,1926,2040,1666,1673,1669,710,42,244,81,46,13,8,4,1,0,0,2010
11241,737,Tytsjerksteradiel,19108,23,23,"0,12 %",24482,19154,"78,24 %",2546,4431,2051,4427,2076,770,1153,1192,126,165,69,72,12,8,1,0,0,9,2010
10408,282,Ubbergen,5872,4,4,"0,07 %",7309,5880,"80,45 %",930,1257,644,1067,703,430,634,40,3,102,16,22,8,10,2,1,3,0,2010
11141,856,Uden,23217,39,26,"0,11 %",30859,23282,"75,45 %",5529,3216,3564,4005,3829,1423,1023,98,9,252,144,78,17,20,6,1,3,0,2010
11238,450,Uitgeest,7690,10,3,"0,04 %",9422,7703,"81,76 %",2114,1407,1014,903,749,663,554,59,5,113,58,29,12,7,0,2,0,1,2010
11206,451,Uithoorn,16374,41,6,"0,04 %",20634,16421,"79,58 %",5178,2776,2532,1937,1168,1170,955,234,22,211,98,46,22,16,5,4,0,0,2010
10783,184,Urk,9296,14,4,"0,04 %",11656,9314,"79,91 %",229,57,1013,2412,72,31,21,1757,3635,8,17,2,8,2,0,3,0,29,2010
10722,344,Utrecht,176999,339,230,"0,13 %",229442,177568,"77,39 %",32746,42952,17035,11517,12079,25190,27237,3879,451,2396,596,392,265,174,35,34,21,0,2010
10777,1581,Utrechtse Heuvelrug,30397,47,18,"0,06 %",37261,30462,"81,75 %",8202,4757,3396,4252,1759,2549,2439,1126,1127,456,127,149,34,11,1,10,2,0,2010
10007,981,Vaals,4436,9,5,"0,11 %",6210,4450,"71,66 %",536,826,1280,682,520,179,247,40,5,66,18,20,12,3,0,1,1,0,2010
11077,994,Valkenburg aan de Geul,10862,27,8,"0,07 %",13829,10897,"78,80 %",1929,1513,2752,2075,1044,603,540,75,6,168,81,50,6,2,2,15,1,0,2010
11031,858,Valkenswaard,17872,20,14,"0,08 %",24220,17906,"73,93 %",3561,2737,3415,3250,2591,1003,798,112,9,156,171,37,9,13,6,1,3,0,2010
11292,47,Veendam,15731,29,14,"0,09 %",22018,15774,"71,64 %",2325,5096,2418,1300,2074,706,839,526,38,252,96,29,8,8,4,6,0,6,2010
11052,345,Veenendaal,36204,81,27,"0,07 %",45605,36312,"79,62 %",6772,4745,5598,5884,1981,1495,1241,4727,3299,222,127,60,21,12,10,6,4,0,2010
10369,717,Veere,15155,14,8,"0,05 %",16899,15177,"89,81 %",2898,2180,1410,3259,973,686,701,828,1835,240,84,38,8,10,2,3,0,0,2010
10985,860,Veghel,20989,27,17,"0,08 %",27788,21033,"75,69 %",4650,2908,3313,4563,2878,1193,957,110,6,213,127,38,8,17,3,3,2,0,2010
10071,861,Veldhoven,25265,20,34,"0,13 %",33431,25319,"75,74 %",5505,3808,4593,4110,3481,1584,1313,259,17,241,185,99,32,15,11,1,11,0,2010
10620,453,Velsen,38658,56,36,"0,09 %",50885,38750,"76,15 %",8534,7872,7474,3770,3698,2740,2533,838,68,639,299,98,52,26,10,7,0,0,2010
10477,983,Venlo,53272,99,46,"0,09 %",75062,53417,"71,16 %",9055,7971,16121,7604,6055,2453,2650,298,33,553,228,125,54,33,11,14,14,0,2010
11222,984,Venray,23562,27,33,"0,14 %",32144,23622,"73,49 %",4221,3459,4398,4992,3703,1150,1056,119,13,186,152,60,18,24,3,2,6,0,2010
10887,620,Vianen,11571,19,26,"0,22 %",14909,11616,"77,91 %",2664,1998,2044,1595,1085,654,566,375,300,148,73,30,17,11,6,3,2,0,2010
10811,622,Vlaardingen,38391,69,29,"0,08 %",54172,38489,"71,05 %",7181,7714,8073,3691,4399,2131,2498,1091,603,560,295,76,33,23,14,5,4,0,2010
11249,48,Vlagtwedde,9232,23,3,"0,03 %",12887,9258,"71,84 %",1311,2269,1841,1436,1030,280,492,279,24,129,67,42,12,3,4,8,0,5,2010
10211,96,Vlieland,993,0,0,"0,00 %",855,993,"116,14 %",296,230,76,74,83,93,94,17,3,13,13,1,0,0,0,0,0,0,2010
10270,718,Vlissingen,24292,40,22,"0,09 %",34295,24354,"71,01 %",3902,5336,4512,2918,3035,1203,1308,769,455,479,220,87,34,21,5,8,0,0,2010
11174,623,Vlist,6220,6,2,"0,03 %",7439,6228,"83,72 %",1469,747,862,1187,393,306,244,306,592,60,37,5,2,6,1,2,1,0,2010
11341,986,Voerendaal,8043,2,4,"0,05 %",10154,8049,"79,27 %",1264,1273,1909,1589,902,411,420,50,5,110,60,33,8,9,0,0,0,0,2010
10537,626,Voorschoten,14263,20,14,"0,10 %",17336,14297,"82,47 %",4384,2150,1585,1912,895,1562,1120,230,47,224,70,39,22,19,2,1,1,0,2010
10912,285,Voorst,14486,26,8,"0,06 %",18710,14520,"77,61 %",3284,2847,1654,3072,1217,952,729,214,227,140,79,41,2,10,1,1,16,0,2010
11224,865,Vught,14748,16,17,"0,12 %",19254,14781,"76,77 %",3805,2570,1781,2015,1788,1372,1025,79,7,165,75,28,14,18,2,3,1,0,2010
10959,866,Waalre,10011,13,12,"0,12 %",12439,10036,"80,68 %",2760,1401,1310,1662,1100,918,554,90,12,104,48,22,11,13,1,4,1,0,2010
11359,867,Waalwijk,25916,37,20,"0,08 %",35499,25973,"73,17 %",5711,3639,5160,4122,3086,1413,1101,679,472,259,159,67,24,13,3,5,3,0,2010
10081,627,Waddinxveen,15342,22,28,"0,18 %",19274,15392,"79,86 %",3455,2187,2249,2263,1017,876,642,1347,1018,151,85,26,11,5,3,1,6,0,2010
11010,289,Wageningen,20516,24,27,"0,13 %",25926,20567,"79,33 %",2900,4882,1497,1957,1602,3007,3099,874,228,263,62,66,34,24,6,6,4,5,2010
10164,629,Wassenaar,14412,29,12,"0,08 %",17596,14453,"82,14 %",6354,1350,1880,1928,656,1124,618,147,34,178,77,31,20,7,3,3,2,0,2010
10983,852,Waterland,11026,16,7,"0,06 %",13249,11049,"83,39 %",2875,2143,1706,1438,844,800,808,150,16,136,69,14,12,4,6,4,1,0,2010
11081,988,Weert,27771,41,28,"0,10 %",37482,27840,"74,28 %",6186,4092,6404,4119,3600,1393,1163,182,8,280,219,74,18,23,4,3,3,0,2010
10773,457,Weesp,10424,32,9,"0,09 %",13578,10465,"77,07 %",2426,2360,1400,999,999,910,880,135,31,138,89,28,12,10,3,4,0,0,2010
10078,870,Werkendam,15562,20,13,"0,08 %",19992,15595,"78,01 %",2613,1756,2582,3559,1224,449,447,1064,1632,100,88,29,3,5,3,6,2,0,2010
11270,459,Wervershoof,5117,13,4,"0,08 %",6575,5134,"78,08 %",1293,628,838,1145,473,287,253,48,2,58,48,24,7,9,0,3,1,0,2010
10042,668,West Maas en Waal,11216,9,8,"0,07 %",14280,11233,"78,66 %",2546,1680,2098,2191,1399,526,491,54,7,108,69,21,8,12,2,0,4,0,2010
10186,1701,Westerveld,12716,13,8,"0,06 %",15313,12737,"83,18 %",3259,3284,1396,1610,993,683,893,252,48,175,48,58,5,8,1,2,1,0,2010
11085,293,Westervoort,8803,12,6,"0,07 %",11773,8821,"74,93 %",1513,1854,1590,1035,1314,482,619,166,12,127,33,34,7,11,3,0,2,1,2010
11418,1783,Westland,59756,71,52,"0,09 %",75086,59879,"79,75 %",17386,5349,11228,13636,3447,2659,2091,1869,806,565,401,179,47,70,11,7,5,0,2010
11322,98,Weststellingwerf,15209,28,16,"0,11 %",20329,15253,"75,03 %",3080,3813,2119,2186,1667,614,938,373,39,209,89,52,9,11,4,4,0,2,2010
10009,614,Westvoorne,8872,6,3,"0,03 %",11329,8881,"78,39 %",3257,1215,1579,962,624,490,364,108,43,134,51,26,9,8,0,1,1,0,2010
10893,189,Wierden,14658,22,9,"0,06 %",17841,14689,"82,33 %",2776,1544,1937,4822,874,567,393,1168,364,86,69,32,14,9,2,0,1,0,2010
11277,462,Wieringen,5050,6,5,"0,10 %",6798,5061,"74,45 %",1420,979,1058,398,514,216,254,57,6,81,37,16,6,2,2,1,3,0,2010
10239,463,Wieringermeer,7327,16,5,"0,07 %",9437,7348,"77,86 %",1940,1068,1227,1308,641,335,304,257,39,79,79,18,6,6,5,3,2,10,2010
10723,296,Wijchen,24052,23,19,"0,08 %",30603,24094,"78,73 %",4801,4173,4106,3995,3253,1628,1406,186,13,224,130,32,20,73,4,2,6,0,2010
10534,1696,Wijdemeren,14683,10,6,"0,04 %",18017,14699,"81,58 %",4895,2049,1923,2146,949,1184,839,277,77,185,89,49,14,4,1,2,0,0,2010
10760,352,Wijk bij Duurstede,13995,20,5,"0,04 %",17523,14020,"80,01 %",3574,2199,2150,1798,1436,966,929,352,301,164,53,49,6,9,2,4,3,0,2010
11135,53,Winsum,8780,11,6,"0,07 %",10635,8797,"82,72 %",1068,2429,657,1433,865,433,818,827,64,111,22,32,11,5,0,2,0,3,2010
11119,294,Winterswijk,16781,20,14,"0,08 %",22105,16815,"76,07 %",3971,4113,1901,2274,2132,865,851,322,24,154,83,58,5,14,3,5,4,2,2010
10602,873,Woensdrecht,11666,25,4,"0,03 %",16348,11695,"71,54 %",2691,1604,2752,1837,1275,504,483,78,9,174,199,27,14,10,3,5,1,0,2010
10974,632,Woerden,29890,51,22,"0,07 %",36741,29963,"81,55 %",7223,4309,3614,5380,2040,2300,1759,1728,924,298,178,74,23,25,3,8,4,0,2010
10648,880,Wormerland,9336,17,10,"0,11 %",12061,9363,"77,63 %",2163,1991,1359,947,1127,624,716,143,15,136,73,23,8,4,1,3,2,1,2010
11398,351,Woudenberg,7228,11,5,"0,07 %",8782,7244,"82,49 %",1512,730,787,1331,360,303,240,685,1158,62,28,17,8,5,0,2,0,0,2010
10282,874,Woudrichem,8898,8,3,"0,03 %",11046,8909,"80,65 %",1582,1023,1197,2203,772,279,295,1100,322,72,31,14,4,4,0,0,0,0,2010
10454,710,Wûnseradiel,6971,5,3,"0,04 %",8926,6979,"78,19 %",1168,1372,741,1822,772,289,417,230,11,74,38,28,5,2,1,1,0,0,2010
11427,683,Wymbritseradiel,9767,8,12,"0,12 %",12054,9787,"81,19 %",1749,1653,909,2795,985,528,569,403,25,67,36,36,5,3,1,3,0,0,2010
11044,479,Zaanstad,78480,130,71,"0,09 %",108441,78681,"72,56 %",15544,19615,13762,5878,8977,4920,5834,1333,206,1428,539,212,101,59,16,23,22,11,2010
10557,297,Zaltbommel,15407,16,10,"0,06 %",19308,15433,"79,93 %",2845,2312,2115,2214,1063,825,679,1045,2021,146,67,49,6,10,2,8,0,0,2010
10910,473,Zandvoort,10003,14,7,"0,07 %",13232,10024,"75,76 %",3482,1559,1913,752,696,671,538,39,4,202,56,43,30,7,11,0,0,0,2010
10618,707,Zederik,8416,4,9,"0,11 %",9984,8429,"84,43 %",1412,949,917,2227,491,200,218,937,950,73,34,4,2,1,0,1,0,0,2010
11121,478,Zeevang,3928,6,6,"0,15 %",4778,3940,"82,46 %",1297,721,634,330,289,241,255,33,3,69,41,6,2,3,1,1,2,0,2010
10012,50,Zeewolde,11816,21,5,"0,04 %",14615,11842,"81,03 %",3787,1280,1584,1605,773,678,592,1086,138,133,77,46,11,12,0,4,0,10,2010
10324,355,Zeist,35174,81,28,"0,08 %",45297,35283,"77,89 %",9098,6704,4035,3712,2353,3506,3002,1222,631,498,110,202,51,27,8,8,7,0,2010
10938,299,Zevenaar,19056,28,4,"0,02 %",25196,19088,"75,76 %",3676,3824,2894,3458,2336,1189,1073,168,17,227,99,48,13,19,2,4,6,3,2010
10004,476,Zijpe,7247,7,4,"0,06 %",8836,7258,"82,14 %",2098,1401,1046,1060,600,368,395,54,8,106,59,30,5,6,7,1,2,1,2010
10766,637,Zoetermeer,68697,111,77,"0,11 %",92466,68885,"74,50 %",17036,13171,12516,6061,6417,5056,4132,1873,619,980,421,208,117,60,5,12,13,0,2010
11074,638,Zoeterwoude,4954,7,2,"0,04 %",6299,4963,"78,79 %",1178,801,648,983,387,394,351,59,33,70,23,15,5,7,0,0,0,0,2010
10021,56,Zuidhorn,11452,13,10,"0,09 %",13735,11475,"83,55 %",1472,2327,814,2212,965,569,862,1828,186,123,27,41,11,5,1,3,0,6,2010
10855,1892,Zuidplas,24183,51,18,"0,07 %",30230,24252,"80,22 %",6473,3228,3593,3107,1915,1364,1015,1425,1486,275,208,42,18,25,3,3,3,0,2010
11192,879,Zundert,11167,17,6,"0,05 %",15924,11190,"70,27 %",2655,1343,2129,2579,1142,541,431,64,3,112,126,28,6,5,2,1,0,0,2010
10254,301,Zutphen,27074,34,25,"0,09 %",35610,27133,"76,19 %",4328,7461,2912,2376,3281,2126,2846,770,34,514,107,235,32,30,2,8,8,4,2010
10746,1896,Zwartewaterland,12765,12,2,"0,02 %",15653,12779,"81,64 %",1447,1530,1193,2746,740,278,266,2171,2270,57,43,12,5,2,2,3,0,0,2010
10468,642,Zwijndrecht,25415,35,21,"0,08 %",34397,25471,"74,05 %",5268,4161,4703,3314,2486,1240,1083,1515,1036,358,144,54,20,28,1,3,1,0,2010
10093,193,Zwolle,69686,78,60,"0,09 %",91293,69824,"76,48 %",11244,16748,6168,8557,6583,5362,6237,6835,473,813,249,200,115,65,18,9,10,0,2010
