Amsterdamse code,CBS code,Naam, geldige stemmen, ongeldige/blanco stemmen,Percentage ongeldige/blanco stemmen, kiesgerechtigden,Opkomst,Opkomstpercentage,PvdA,CDA,VVD,D66,AOV,GL,CD,RPF,SGP,GPV,SP,Unie55+,CP86,Natuurwetpartij,Vrije Indische Partij,De Groenen,Nieuwe Communistische Partij,Solidariteit Boerenpartij,Partij voor Milieu en Recht,Solidair '93,PSP'92,De Nieuwe Partij,Algemeen Democratische Partij,Patriottisch Democratisch Appèl,Socialistische Arbeiderspartij,Libertarische Partij,1994
11084,0738,Aalburg,6722,17,"0,25 ",7978,6739,"84,47 ",812,1733,931,502,179,55,148,554,1496,197,34,20,12,10,1,6,0,9,5,5,0,6,0,3,1,3,1994
11264,0358,Aalsmeer,13953,28,"0,20 ",16903,13981,"82,71 ",2107,3581,4380,1988,483,293,246,283,77,123,41,85,85,30,11,27,4,9,15,7,15,15,8,29,6,5,1994
11046,0197,Aalten,11489,26,"0,23 ",13722,11515,"83,92 ",2301,5193,1407,1267,254,220,145,376,27,81,40,54,27,12,5,21,3,27,9,1,1,6,6,0,1,5,1994
11020,0648,Aardenburg,1972,15,"0,76 ",2576,1987,"77,14 ",454,605,442,216,88,27,61,6,7,10,2,18,9,0,1,4,3,9,3,0,0,2,2,0,1,2,1994
10757,0739,Aarle-Rixtel,3592,11,"0,31 ",4420,3603,"81,52 ",757,1182,629,536,150,65,82,9,5,12,43,71,6,10,3,1,0,4,2,0,5,17,0,1,2,0,1994
10712,0305,Abcoude,5288,0,"0,00 ",6107,5288,"86,59 ",827,1273,1653,865,126,135,99,69,52,52,18,47,6,11,9,12,5,7,1,0,5,1,1,9,3,2,1994
10199,0059,Achtkarspelen,16594,46,"0,28 ",20628,16640,"80,67 ",5145,5721,1320,1222,250,268,219,1033,195,915,64,31,55,22,5,14,30,18,17,15,12,7,10,0,1,5,1994
10346,0360,Akersloot,3110,8,"0,26 ",3676,3118,"84,82 ",616,814,798,522,127,78,42,12,0,10,12,36,8,16,0,6,1,3,1,1,1,0,0,2,2,2,1994
11327,0482,Alblasserdam,10736,38,"0,35 ",12985,10774,"82,97 ",3193,1843,1615,1283,267,163,267,466,1150,177,68,57,58,37,39,7,9,2,6,10,5,11,0,1,2,0,1994
10124,0613,Albrandswaard,9410,26,"0,28 ",11623,9436,"81,18 ",1648,2056,2971,1345,286,167,282,114,144,131,49,68,42,29,7,12,2,7,13,8,10,11,0,3,4,1,1994
10349,0483,Alkemade,8826,15,"0,17 ",10553,8841,"83,78 ",1037,3119,2418,1147,242,332,205,28,18,26,64,64,38,24,0,12,7,11,13,0,9,3,2,0,2,5,1994
10527,0361,Alkmaar,51775,85,"0,16 ",67168,51860,"77,21 ",13996,8566,10239,9482,1812,2938,835,402,72,357,1210,512,242,317,100,147,57,24,58,128,91,60,10,56,36,28,1994
11053,0141,Almelo,35915,119,"0,33 ",46503,36034,"77,49 ",10794,8260,5657,5257,962,926,902,547,104,441,526,864,174,85,186,24,51,24,35,18,26,29,7,0,5,11,1994
10018,0034,Almere,51835,172,"0,33 ",67424,52007,"77,13 ",11768,4484,14610,11473,2741,2127,1610,334,57,402,476,474,301,223,117,60,115,21,63,89,35,35,0,192,11,17,1994
10517,0484,Alphen aan den Rijn,37673,65,"0,17 ",47950,37738,"78,70 ",6272,7797,9797,6983,1049,1119,607,1099,525,523,1188,181,99,81,90,85,16,22,47,9,29,20,10,0,16,9,1994
10710,0741,Alphen en Riel,3898,9,"0,23 ",4657,3907,"83,90 ",581,1609,775,556,164,51,61,10,3,6,19,18,9,8,5,1,2,1,11,0,2,1,1,0,2,2,1994
11400,0142,Ambt Delden,3579,6,"0,17 ",3995,3585,"89,74 ",401,2018,718,257,36,26,50,7,2,8,3,20,3,4,0,1,3,19,1,2,0,0,0,0,0,0,1994
11153,0060,Ameland,2805,7,"0,25 ",2543,2812,"110,58 ",735,968,522,308,74,62,33,22,6,29,4,14,8,3,0,1,6,1,0,2,4,0,0,0,1,2,1994
11372,0306,Amerongen,4606,3,"0,07 ",5413,4609,"85,15 ",884,1020,1087,585,121,62,93,191,393,55,19,25,14,7,7,2,2,15,3,2,4,8,1,2,0,4,1994
10948,0307,Amersfoort,64007,171,"0,27 ",81899,64178,"78,36 ",13676,11984,13333,11939,2046,3011,1298,1064,713,2583,401,727,221,227,204,97,54,51,52,74,48,60,19,60,45,20,1994
10151,0198,Ammerzoden,2764,11,"0,40 ",3333,2775,"83,26 ",493,1021,489,357,113,31,87,31,42,14,19,37,5,6,0,5,2,4,1,0,0,0,5,0,2,0,1994
10799,0362,Amstelveen,47981,61,"0,13 ",57379,48042,"83,73 ",9210,8042,15470,8979,1995,1645,532,332,82,276,193,349,155,204,154,64,27,32,47,15,43,24,9,75,18,9,1994
11150,0363,Amsterdam,350551,1563,"0,45 ",506028,352114,"69,58 ",116425,27711,64228,62194,14567,29931,12893,1517,324,1194,5386,3292,2095,1739,935,1543,1357,107,331,432,663,230,79,969,308,101,1994
10822,0364,Andijk,3786,16,"0,42 ",4483,3802,"84,81 ",749,1198,681,426,93,144,72,254,49,30,12,23,8,6,3,4,6,10,2,2,6,1,4,1,0,2,1994
11131,0199,Angerlo,2981,7,"0,23 ",3481,2988,"85,84 ",861,948,471,460,73,62,35,8,6,3,13,23,2,3,2,2,2,1,2,0,0,3,1,0,0,0,1994
10787,0105,Anloo,5207,17,"0,33 ",6145,5224,"85,01 ",1960,403,1431,857,121,160,51,20,3,56,29,34,1,11,5,10,6,11,6,0,5,2,23,0,1,1,1994
10344,0366,Anna Paulowna,7524,25,"0,33 ",9411,7549,"80,21 ",1543,1611,2423,1087,239,138,138,58,18,62,12,69,26,27,13,9,8,15,10,1,1,4,1,6,1,4,1994
11075,0200,Apeldoorn,89039,184,"0,21 ",113179,89223,"78,83 ",21130,19240,18069,15523,2772,2639,1441,2201,2087,1180,543,728,190,375,228,106,70,135,99,70,50,67,14,0,50,32,1994
10886,0003,Appingedam,7484,9,"0,12 ",9688,7493,"77,34 ",2927,1502,852,1073,325,134,102,110,12,142,97,52,24,8,16,19,53,11,7,0,2,2,9,0,3,2,1994
10202,0885,Arcen en Velden,5259,16,"0,30 ",6584,5275,"80,12 ",979,2088,905,756,165,126,93,9,3,10,28,40,10,15,0,8,1,6,2,4,0,1,6,0,1,3,1994
11419,0649,Arnemuiden,2787,9,"0,32 ",3389,2796,"82,50 ",429,433,371,212,32,22,132,494,574,26,6,14,18,10,3,2,1,2,3,0,0,2,0,0,1,0,1994
10795,0202,Arnhem,75483,281,"0,37 ",101483,75764,"74,66 ",21342,11940,12753,14507,3138,4776,1590,731,155,688,1674,582,301,352,400,107,53,20,72,41,102,61,12,0,68,18,1994
10522,0106,Assen,32067,58,"0,18 ",39165,32125,"82,02 ",10921,5098,5022,5117,668,1392,332,488,38,1933,421,158,66,65,97,11,40,42,20,21,29,19,39,0,19,11,1994
10478,0743,Asten,9707,25,"0,26 ",11696,9732,"83,21 ",1629,3718,1703,1433,511,206,167,14,8,28,102,67,18,42,3,6,5,14,9,0,2,6,2,1,11,2,1994
11190,0143,Avereest,9122,32,"0,35 ",10956,9154,"83,55 ",2013,3095,1578,1139,214,102,161,279,58,227,25,70,26,13,3,8,4,42,13,2,2,5,35,0,7,1,1994
11289,0650,Axel,6603,37,"0,56 ",8881,6640,"74,77 ",1412,1418,1171,878,331,110,280,70,75,642,34,73,48,7,10,9,3,8,11,0,2,4,3,0,3,1,1994
10060,0744,Baarle-Nassau,3333,10,"0,30 ",4347,3343,"76,90 ",516,1320,616,413,208,60,92,9,6,5,12,17,12,9,2,4,3,5,8,5,1,4,2,2,1,1,1994
11411,0308,Baarn,15251,36,"0,24 ",18716,15287,"81,68 ",2848,2996,4649,2409,461,403,297,432,127,176,89,110,47,57,21,20,6,10,15,14,21,10,4,19,2,8,1994
10749,0745,Bakel en Milheeze,4429,11,"0,25 ",5770,4440,"76,95 ",645,1992,639,649,193,61,117,3,4,8,31,22,14,16,1,6,1,8,5,0,0,0,9,2,2,1,1994
10943,0489,Barendrecht,13289,17,"0,13 ",15929,13306,"83,53 ",2079,3277,3420,2071,250,205,209,407,870,268,60,56,40,22,7,8,5,4,4,2,5,6,2,4,6,2,1994
10906,0203,Barneveld,27080,68,"0,25 ",30989,27148,"87,61 ",2537,8124,4722,2372,493,270,508,2319,4581,729,51,101,65,40,38,5,10,50,15,6,8,10,17,0,5,4,1994
11030,0144,Bathmen,3512,11,"0,31 ",3984,3523,"88,43 ",802,821,1107,568,63,50,31,9,3,5,6,23,5,3,1,1,1,9,1,1,1,0,0,0,1,0,1994
10425,0005,Bedum,6744,7,"0,10 ",7589,6751,"88,96 ",1550,2222,669,884,154,147,46,101,19,835,35,25,7,22,3,7,5,6,0,0,3,0,4,0,0,0,1994
11374,0888,Beek,10336,55,"0,53 ",13152,10391,"79,01 ",2366,2954,1888,1595,548,297,265,13,5,42,71,92,42,74,17,7,2,7,14,9,9,3,5,0,9,2,1994
10173,0746,Beek en Donk,5485,27,"0,49 ",7137,5512,"77,23 ",1167,1799,765,796,325,243,147,9,6,9,101,54,5,16,4,2,3,9,6,0,0,3,4,1,7,4,1994
10816,0370,Beemster,5239,29,"0,55 ",6110,5268,"86,22 ",1154,1120,1754,684,175,103,71,24,2,9,18,30,11,25,4,14,1,8,3,4,8,3,5,7,1,1,1994
10195,0889,Beesel,7328,35,"0,48 ",9737,7363,"75,62 ",1733,2249,1170,1018,342,173,375,18,10,14,34,93,19,33,10,4,4,3,13,8,0,2,1,0,1,1,1994
10520,0107,Beilen,9374,20,"0,21 ",11212,9394,"83,79 ",3412,2157,1703,1005,167,198,74,119,23,232,38,23,13,11,8,16,4,35,6,5,1,1,120,0,1,2,1994
10292,0890,Belfeld,2942,2,"0,07 ",3917,2944,"75,16 ",694,1025,516,417,72,42,83,0,3,1,17,33,8,10,3,9,0,1,1,1,3,2,0,0,0,1,1994
10340,0007,Bellingwedde,5971,46,"0,77 ",7510,6017,"80,12 ",2913,611,796,600,224,270,119,116,13,39,44,34,18,12,3,11,97,21,4,6,5,3,8,0,2,2,1994
10744,0206,Bemmel,9797,35,"0,36 ",12396,9832,"79,32 ",2287,3276,1539,1886,263,157,175,17,11,19,27,60,17,15,16,6,3,6,4,2,2,2,5,0,2,0,1994
10734,0372,Bennebroek,3601,14,"0,39 ",4250,3615,"85,06 ",494,1032,1271,462,108,84,34,20,4,23,9,24,4,17,0,6,0,1,2,2,1,1,0,1,1,0,1994
10962,0491,Bergambacht,6076,14,"0,23 ",6906,6090,"88,18 ",1491,1038,1473,654,110,68,186,223,679,44,19,23,18,7,9,5,5,8,4,3,1,4,1,0,3,0,1994
11424,0373,Bergen,9369,13,"0,14 ",10992,9382,"85,35 ",1863,1740,3045,1581,300,387,109,31,3,26,18,68,17,71,6,43,3,7,4,8,7,25,0,3,2,2,1994
11281,0893,Bergen  (L),7308,38,"0,52 ",9852,7346,"74,56 ",1709,2789,1128,910,287,107,148,5,3,16,35,64,20,25,4,4,3,18,8,10,6,1,2,0,3,3,1994
11037,0748,Bergen op Zoom,24555,58,"0,24 ",34152,24613,"72,07 ",4972,5018,5582,4286,1761,747,1000,90,40,72,343,188,123,38,97,36,21,11,29,11,26,20,5,20,7,12,1994
11160,0749,Bergeyk,6470,13,"0,20 ",7965,6483,"81,39 ",1180,2471,1114,864,331,133,178,27,10,20,41,51,9,2,2,3,10,6,9,0,0,0,0,4,5,0,1994
10350,0207,Bergh,10691,60,"0,56 ",13901,10751,"77,34 ",2898,3629,1580,1505,347,177,239,23,17,31,36,80,21,35,7,17,5,12,10,3,5,4,4,0,4,2,1994
10445,0492,Bergschenhoek,5019,19,"0,38 ",6037,5038,"83,45 ",613,1459,1401,682,138,102,169,146,47,161,20,27,31,8,1,2,0,0,8,3,0,0,0,0,1,0,1994
10139,0493,Berkel en Rodenrijs,9939,26,"0,26 ",11357,9965,"87,74 ",1091,3151,2451,1550,240,168,190,96,55,761,45,42,24,25,6,14,1,1,13,5,2,3,2,0,2,1,1994
11132,0751,Berkel-Enschot,6808,25,"0,37 ",7931,6833,"86,16 ",957,2387,1694,1107,250,142,89,19,9,16,30,49,14,9,4,5,3,1,6,0,1,3,2,7,1,3,1994
10362,0752,Berlicum,5451,9,"0,17 ",6657,5460,"82,02 ",1333,1710,944,779,211,107,104,7,10,6,139,34,14,22,2,5,2,5,7,0,1,2,2,1,2,2,1994
10316,0568,Bernisse,7588,12,"0,16 ",9487,7600,"80,11 ",1481,1602,2314,1264,161,109,156,99,118,52,38,65,42,30,3,5,6,12,12,5,1,2,3,2,3,3,1994
10442,0753,Best,13492,46,"0,34 ",16750,13538,"80,82 ",2758,3668,2565,2442,828,241,378,53,25,91,159,96,39,55,19,15,4,6,10,0,11,9,4,4,9,3,1994
10417,0209,Beuningen,13464,45,"0,33 ",17170,13509,"78,68 ",3234,3375,2490,2781,425,387,276,51,16,35,138,96,24,32,17,19,7,11,13,0,9,17,9,0,2,0,1994
10272,0375,Beverwijk,20836,76,"0,36 ",26923,20912,"77,67 ",5656,3782,4143,3490,1354,724,504,117,27,86,129,288,59,96,67,76,29,12,33,33,15,13,12,48,35,8,1994
10222,0585,Binnenmaas,11935,23,"0,19 ",14465,11958,"82,67 ",2634,2326,3371,1674,241,169,296,255,687,92,44,44,26,18,6,15,5,4,7,2,1,10,0,3,3,2,1994
11006,0754,Bladel en Netersel,6007,16,"0,27 ",7921,6023,"76,04 ",1116,2222,944,891,319,136,138,10,8,21,81,31,20,33,1,5,4,9,7,0,3,0,2,2,4,0,1994
10493,0376,Blaricum,6723,13,"0,19 ",7714,6736,"87,32 ",1096,1237,2576,1120,187,155,94,37,12,27,30,58,11,26,17,7,3,4,5,4,3,4,0,6,4,0,1994
10994,0495,Bleiswijk,5706,8,"0,14 ",6792,5714,"84,13 ",684,1700,1743,784,115,70,113,214,118,66,15,28,19,13,8,3,2,1,3,1,2,1,1,0,0,2,1994
10850,0377,Bloemendaal,11439,27,"0,24 ",13103,11466,"87,51 ",1496,2352,4782,1742,288,318,99,57,19,68,22,75,13,30,13,16,6,1,8,1,9,6,2,14,1,1,1994
10815,0055,Boarnsterhim,11592,34,"0,29 ",13645,11626,"85,20 ",4565,1946,2273,1710,235,339,95,106,31,46,65,37,21,20,6,8,24,11,9,10,20,4,3,0,6,2,1994
11091,0497,Bodegraven,11112,27,"0,24 ",13517,11139,"82,41 ",1579,3377,2408,1543,249,244,272,511,503,187,38,68,54,11,11,9,8,10,14,1,3,1,5,0,3,3,1994
10432,0755,Boekel,5467,22,"0,40 ",6764,5489,"81,15 ",998,2421,727,698,229,87,83,8,3,9,92,37,10,10,1,5,1,12,7,0,6,6,13,0,3,1,1994
10865,0064,Bolsward,6010,22,"0,37 ",7460,6032,"80,86 ",1669,2015,768,796,149,180,49,101,12,70,96,39,10,7,2,5,4,4,8,13,7,2,2,0,0,2,1994
11307,0211,Borculo,6506,31,"0,48 ",7666,6537,"85,27 ",2017,1360,1730,835,120,125,90,32,1,37,27,66,5,10,6,10,2,4,22,4,1,1,0,0,0,1,1994
10448,0108,Borger,8665,29,"0,33 ",10124,8694,"85,88 ",3552,1467,1609,1087,176,178,107,96,15,123,45,48,14,21,3,8,11,19,10,7,8,9,45,0,4,3,1994
10927,0897,Born,8758,52,"0,59 ",10990,8810,"80,16 ",2180,2714,1160,1320,522,252,251,22,13,38,68,71,13,41,25,11,7,4,16,5,3,3,4,0,11,4,1994
10326,0147,Borne,13568,30,"0,22 ",16104,13598,"84,44 ",3138,5008,2367,1780,276,272,176,82,17,78,69,165,34,33,13,13,5,15,6,3,6,5,5,0,0,2,1994
10043,0654,Borsele,12510,44,"0,35 ",15487,12554,"81,06 ",2213,3369,2163,1571,455,230,315,303,1443,144,42,117,46,27,13,18,6,11,4,0,2,10,3,0,2,3,1994
10419,0499,Boskoop,9242,21,"0,23 ",10822,9263,"85,59 ",1299,2624,2337,1341,159,289,253,345,296,94,48,57,30,16,6,6,4,5,10,3,3,8,1,0,3,5,1994
11227,0756,Boxmeer,12494,36,"0,29 ",14925,12530,"83,95 ",2892,4433,1872,1711,411,298,218,36,13,26,363,78,16,49,12,3,3,6,15,0,18,9,0,6,3,3,1994
10083,0757,Boxtel,14166,25,"0,18 ",18846,14191,"75,30 ",3263,3579,2203,2443,659,399,354,28,20,38,608,372,37,57,20,14,8,6,9,0,22,8,9,5,1,4,1994
11125,0212,Brakel,4121,15,"0,36 ",4928,4136,"83,93 ",928,953,480,302,88,42,69,226,943,55,9,11,4,2,1,2,2,0,0,0,1,0,2,0,1,0,1994
10154,0758,Breda,71549,157,"0,22 ",98704,71706,"72,65 ",15817,12888,14276,15514,3706,3813,2179,272,119,245,693,680,286,209,291,70,90,16,108,28,50,89,16,34,31,29,1994
11088,0194,Brederwiede,7857,28,"0,36 ",9073,7885,"86,91 ",1997,2385,1264,790,150,116,97,202,47,657,21,39,19,7,3,8,6,23,3,2,6,2,10,0,1,2,1994
10807,0311,Breukelen,9019,0,"0,00 ",10590,9019,"85,17 ",1182,2279,2356,1403,257,294,133,337,507,66,31,77,22,24,9,12,3,8,3,2,2,4,1,4,3,0,1994
10232,0501,Brielle,9742,23,"0,24 ",12056,9765,"81,00 ",1985,1511,3171,1899,276,178,234,71,44,30,56,146,34,29,13,11,10,7,9,6,10,0,1,1,7,3,1994
10856,0898,Broekhuizen,1160,5,"0,43 ",1409,1165,"82,68 ",195,516,202,124,33,29,21,0,3,4,4,6,6,7,0,0,0,4,0,0,2,1,1,0,0,2,1994
10030,0656,Brouwershaven,2474,4,"0,16 ",2957,2478,"83,80 ",684,360,656,396,61,45,28,45,51,82,17,13,5,18,0,2,3,0,2,0,2,2,0,0,2,0,1994
11291,0657,Bruinisse,2241,8,"0,36 ",2583,2249,"87,07 ",453,419,516,199,40,18,38,121,367,24,9,10,11,4,2,0,0,0,0,0,5,1,2,0,2,0,1994
10798,0213,Brummen,12952,48,"0,37 ",15663,13000,"83,00 ",4391,2201,2795,2164,327,310,191,103,37,72,62,73,32,48,12,11,37,24,10,4,8,29,3,0,8,0,1994
10533,0899,Brunssum,16361,37,"0,23 ",23355,16398,"70,21 ",4728,4049,1786,2094,1066,394,528,99,29,143,839,191,90,93,37,38,62,10,18,7,28,16,3,0,8,5,1994
10219,0759,Budel,7041,24,"0,34 ",9349,7065,"75,57 ",1514,2502,1061,936,432,103,232,19,3,10,61,58,23,20,2,5,5,9,14,0,3,8,5,10,4,2,1994
10820,0312,Bunnik,9523,16,"0,17 ",10775,9539,"88,53 ",1565,2639,2452,1505,243,443,174,115,118,59,35,66,32,28,6,13,4,4,4,3,4,4,1,2,2,2,1994
11343,0313,Bunschoten,11388,23,"0,20 ",12959,11411,"88,05 ",678,3521,1422,557,125,56,195,1108,312,3293,11,25,31,7,7,5,1,15,6,2,3,3,1,3,0,1,1994
11286,0214,Buren,6393,21,"0,33 ",7643,6414,"83,92 ",1603,993,1907,1028,88,116,257,53,147,33,31,66,19,18,5,4,3,9,3,0,2,4,4,0,0,0,1994
10281,0381,Bussum,19677,42,"0,21 ",24481,19719,"80,55 ",3623,3752,6347,3170,714,660,382,232,102,158,90,103,63,67,35,30,9,21,18,7,16,41,1,18,12,6,1994
11248,0502,Capelle a/d IJssel,33776,54,"0,16 ",44586,33830,"75,88 ",7672,4082,8440,6037,1161,744,1068,551,2007,821,382,180,203,85,100,35,24,10,23,90,16,16,8,0,15,6,1994
11287,0383,Castricum,15319,29,"0,19 ",17723,15348,"86,60 ",3229,3255,4167,2769,487,642,181,83,7,54,51,117,16,128,16,30,11,7,19,10,9,6,3,13,6,3,1994
11433,0760,Chaam,2443,9,"0,37 ",2849,2452,"86,07 ",389,852,635,321,93,33,68,0,1,2,20,9,1,6,2,6,0,0,3,1,0,0,0,1,0,0,1994
10383,0109,Coevorden,8939,25,"0,28 ",11210,8964,"79,96 ",3139,2428,1224,1288,182,164,111,95,12,54,59,53,6,15,4,1,7,45,7,9,2,2,17,0,13,2,1994
11316,0314,Cothen,1565,5,"0,32 ",1948,1570,"80,60 ",259,577,344,199,34,36,34,17,33,7,4,9,2,1,0,3,1,0,0,0,0,3,2,0,0,0,1994
11346,0611,Cromstrijen,7655,11,"0,14 ",9494,7666,"80,75 ",1959,1340,1995,1234,124,104,126,150,450,52,23,22,11,12,8,4,2,4,6,4,6,5,3,4,2,5,1994
10023,0761,Cuijk en St.Agatha,13272,57,"0,43 ",16705,13329,"79,79 ",3294,3839,2084,2179,666,364,407,20,13,17,131,102,44,40,20,6,0,7,6,0,7,7,3,4,3,9,1994
10342,0216,Culemborg,12867,16,"0,12 ",16468,12883,"78,23 ",2915,2409,2830,2107,428,452,556,147,130,52,516,155,35,35,21,10,9,7,11,0,18,9,9,0,3,3,1994
11004,0110,Dalen,3870,16,"0,41 ",4323,3886,"89,89 ",1255,672,1122,515,61,52,42,22,2,17,14,16,0,2,3,7,4,46,0,0,3,1,12,0,2,0,1994
11007,0148,Dalfsen,10313,27,"0,26 ",11704,10340,"88,35 ",1612,4380,1506,1122,163,133,83,202,53,871,12,53,27,10,2,14,0,41,4,1,0,1,21,0,0,2,1994
10650,0065,Dantumadeel,11510,15,"0,13 ",14320,11525,"80,48 ",3257,3807,940,918,156,183,93,853,639,435,54,21,34,20,6,19,16,15,5,15,7,3,5,0,6,3,1994
10168,0310,De Bilt,21988,39,"0,18 ",25675,22027,"85,79 ",3917,3922,6814,3972,667,911,278,297,218,379,171,146,67,75,34,28,5,9,16,8,11,23,2,7,6,5,1994
10241,0552,De Lier,6406,14,"0,22 ",7580,6420,"84,70 ",514,2887,1822,531,92,63,153,52,22,154,10,35,24,7,8,3,3,6,8,0,6,1,1,0,0,4,1994
10180,1663,De Marne,6917,30,"0,43 ",8523,6947,"81,51 ",2207,1597,992,605,195,262,90,138,18,582,48,41,12,14,1,35,10,9,7,5,4,35,3,0,4,3,1994
11379,0736,De Ronde Venen,20069,0,"0,00 ",24317,20069,"82,53 ",2374,5600,6235,2881,622,397,439,576,311,183,66,138,71,39,14,9,3,25,21,9,6,8,2,33,5,2,1994
10753,0135,de Wijk,3281,11,"0,34 ",3890,3292,"84,63 ",946,625,937,430,65,60,38,24,9,44,10,25,7,11,1,2,6,8,2,0,1,1,29,0,0,0,1994
10928,0503,Delft,56349,206,"0,37 ",71041,56555,"79,61 ",14161,8863,10600,11796,1891,3412,1522,757,373,572,952,476,182,171,143,94,56,24,66,28,61,48,8,40,41,12,1994
10976,0010,Delfzijl,18083,28,"0,15 ",23626,18111,"76,66 ",6767,3340,2557,2373,759,425,312,411,34,380,197,128,74,24,31,49,102,17,14,7,11,10,26,0,27,8,1994
10491,0768,Den Dungen,2623,15,"0,57 ",3256,2638,"81,02 ",635,905,360,389,113,47,53,0,4,2,52,37,3,7,0,0,1,2,1,0,1,2,1,2,1,5,1994
11434,0518,Den Haag,237782,829,"0,35 ",334584,238611,"71,32 ",55918,33690,62388,37318,8494,10051,11732,2243,1680,1837,3574,2797,1577,879,1087,760,192,97,238,308,274,192,51,212,114,79,1994
10395,0159,Den Ham,8939,31,"0,35 ",10801,8970,"83,05 ",2054,3836,780,616,135,68,117,635,60,492,19,45,14,7,3,5,4,29,7,4,1,1,6,0,1,0,1994
10285,0400,Den Helder,33163,104,"0,31 ",46290,33267,"71,87 ",7359,5072,8833,5452,1869,893,836,645,174,484,132,724,166,81,144,42,29,26,41,36,21,15,8,51,15,15,1994
10245,0149,Denekamp,7993,35,"0,44 ",9322,8028,"86,12 ",1355,4204,1020,809,191,80,97,22,10,23,36,70,10,16,0,8,1,15,12,1,1,3,4,0,3,2,1994
10379,0762,Deurne,16941,92,"0,54 ",22647,17033,"75,21 ",3161,6429,2523,2482,748,409,394,22,31,39,196,232,38,61,12,14,1,30,17,0,51,7,8,5,16,15,1994
10899,0150,Deventer,40434,74,"0,18 ",51336,40508,"78,91 ",14208,5858,6480,7366,1211,2110,828,366,78,261,451,441,144,154,117,73,37,24,34,29,42,34,8,0,61,19,1994
10153,0218,Didam,10007,28,"0,28 ",12571,10035,"79,83 ",2814,3596,1290,1395,249,168,276,15,11,15,37,72,17,16,7,4,0,6,7,3,1,4,3,0,0,1,1994
11039,0384,Diemen,13065,61,"0,47 ",16589,13126,"79,12 ",3186,1528,3833,2373,573,608,416,57,8,51,81,93,58,38,30,33,18,5,14,5,6,9,6,28,5,3,1994
10311,0151,Diepenheim,1932,6,"0,31 ",2150,1938,"90,14 ",637,349,529,271,41,26,16,5,10,9,4,23,0,4,0,0,4,1,1,0,1,0,1,0,0,0,1994
10933,0152,Diepenveen,7274,23,"0,32 ",8236,7297,"88,60 ",1487,2424,1669,1094,168,119,85,45,14,42,21,36,9,17,9,2,2,13,1,4,1,5,3,0,2,2,1994
11185,0763,Diessen,2521,6,"0,24 ",3053,2527,"82,77 ",359,1204,418,303,72,54,44,5,11,2,12,16,4,2,0,5,0,5,1,0,0,1,1,1,0,1,1994
10418,0111,Diever,2557,4,"0,16 ",2831,2561,"90,46 ",884,528,544,323,89,43,32,24,1,22,8,18,0,9,3,0,1,2,2,0,3,9,10,0,1,1,1994
11193,0764,Dinteloord en Prinsenland,3469,14,"0,40 ",4358,3483,"79,92 ",883,793,712,370,103,52,121,128,198,20,9,35,16,6,2,13,0,2,2,1,2,0,0,0,0,1,1994
11154,0219,Dinxperlo,4600,21,"0,46 ",6059,4621,"76,27 ",1064,1971,576,576,119,64,56,79,10,19,13,21,8,6,1,7,0,1,5,0,1,1,1,0,1,0,1994
11344,0504,Dirksland,4685,17,"0,36 ",5696,4702,"82,55 ",945,763,721,455,103,61,116,298,1082,43,20,19,9,10,3,5,5,6,7,6,4,2,0,2,0,0,1994
10647,0220,Dodewaard,2547,3,"0,12 ",3011,2550,"84,69 ",831,511,389,298,46,31,48,86,247,27,4,10,5,3,2,2,2,2,0,0,0,1,2,0,0,0,1994
10327,0221,Doesburg,6319,14,"0,22 ",7914,6333,"80,02 ",1890,1203,964,953,191,153,162,56,15,55,567,33,12,15,32,3,2,3,2,1,2,1,2,0,1,1,1994
10396,0222,Doetinchem,26216,75,"0,29 ",32946,26291,"79,80 ",7763,6004,4403,4354,891,964,452,282,214,152,238,185,45,51,73,26,6,16,25,14,20,24,2,0,8,4,1994
10236,0660,Domburg,2859,5,"0,17 ",3004,2864,"95,34 ",501,691,609,335,109,68,42,131,274,41,5,24,1,8,0,4,0,2,2,0,2,6,3,0,1,0,1994
11412,0766,Dongen,12514,21,"0,17 ",16160,12535,"77,57 ",2730,3409,2097,2193,439,217,201,33,24,28,770,167,29,33,29,17,4,15,19,4,15,14,0,6,13,8,1994
10198,0058,Dongeradeel,14885,40,"0,27 ",17963,14925,"83,09 ",3326,6732,1339,1337,211,234,116,752,117,460,50,56,25,24,5,15,18,14,8,17,10,12,3,0,1,3,1994
10213,0315,Doorn,6773,29,"0,43 ",8254,6802,"82,41 ",1038,1484,2138,1033,220,187,100,143,198,82,10,49,9,23,18,7,8,3,1,0,3,13,0,4,2,0,1994
11157,0505,Dordrecht,62034,122,"0,20 ",82662,62156,"75,19 ",16584,9551,11778,11280,1901,2273,2397,1358,1628,790,510,694,295,177,273,99,54,17,66,43,59,49,15,97,19,27,1994
10642,0498,Drechterland,5444,8,"0,15 ",6468,5452,"84,29 ",947,1688,1395,784,178,144,84,30,3,15,15,40,10,20,9,11,1,9,4,12,3,2,31,5,0,4,1994
10777,0316,Driebergen-Rijsenburg,11687,17,"0,15 ",14044,11704,"83,34 ",2052,2539,2979,1872,432,488,167,330,326,185,34,74,24,33,20,30,1,7,7,3,8,58,0,10,6,2,1994
10210,0303,Dronten,17035,19,"0,11 ",20329,17054,"83,89 ",2890,4645,4367,2125,523,332,249,517,155,628,127,214,43,42,12,70,20,23,10,7,11,6,0,15,0,4,1994
10428,0767,Drunen,11017,33,"0,30 ",13413,11050,"82,38 ",2031,3144,2216,1811,744,199,285,33,26,34,214,119,39,19,31,9,2,16,13,3,2,3,2,8,2,12,1994
10068,0225,Druten,8982,20,"0,22 ",11492,9002,"78,33 ",2630,2415,1518,1431,318,180,215,13,13,13,83,56,20,17,11,7,0,10,17,0,2,8,3,0,1,1,1994
11237,0662,Duiveland,3514,10,"0,28 ",4148,3524,"84,96 ",675,534,726,343,52,18,51,191,841,39,9,17,3,5,0,1,0,6,0,0,1,0,1,0,1,0,1994
11028,0226,Duiven,13395,28,"0,21 ",16741,13423,"80,18 ",2788,3312,2783,2994,507,316,192,79,10,106,89,68,33,26,31,6,3,14,14,5,9,5,1,0,2,2,1994
10261,0769,Dussen,3904,9,"0,23 ",4767,3913,"82,09 ",827,1093,736,606,150,40,146,87,78,38,12,29,27,2,1,4,1,6,4,1,0,8,1,5,0,2,1994
10331,0112,Dwingeloo,2821,7,"0,25 ",3040,2828,"93,03 ",914,575,635,396,65,67,40,27,7,13,11,12,1,12,1,1,3,10,2,3,2,3,19,0,1,1,1994
10941,0902,Echt,11031,0,"0,00 ",14579,11031,"75,66 ",2579,3345,1298,1297,1409,393,386,18,19,48,59,22,20,52,11,13,6,13,8,10,6,6,3,0,5,5,1994
10832,0227,Echteld,4302,10,"0,23 ",5094,4312,"84,65 ",1252,696,859,463,71,41,82,104,597,47,14,23,9,4,4,2,1,5,2,0,4,2,15,0,1,4,1994
10884,0385,Edam-Volendam,15525,22,"0,14 ",19226,15547,"80,86 ",2107,5631,4602,1409,528,266,441,37,19,118,39,121,44,50,6,14,10,8,19,5,4,4,4,26,9,4,1994
10743,0228,Ede,59209,168,"0,28 ",70595,59377,"84,11 ",8191,14182,12173,7226,1664,1398,1267,4091,6357,1009,275,375,109,111,276,62,20,248,48,23,21,27,34,0,11,11,1994
10622,0113,Eelde,7170,8,"0,11 ",8353,7178,"85,93 ",2315,873,2080,1307,186,135,54,43,7,43,17,14,12,26,7,9,5,13,11,3,2,1,3,0,4,0,1994
10248,0317,Eemnes,5002,10,"0,20 ",5777,5012,"86,76 ",768,1213,1575,835,115,115,69,112,41,34,20,32,20,16,8,5,2,9,0,3,4,1,1,2,0,2,1994
10246,1651,Eemsmond,10376,38,"0,37 ",12311,10414,"84,59 ",3613,2513,1276,896,247,243,113,159,35,988,101,47,17,20,1,26,14,19,9,11,10,5,10,0,2,1,1994
10741,0770,Eersel,7573,19,"0,25 ",9252,7592,"82,06 ",1338,2773,1462,1141,324,175,111,40,8,17,44,51,21,24,11,2,1,10,7,0,6,2,2,1,0,2,1994
10421,0357,Egmond,7421,13,"0,18 ",9068,7434,"81,98 ",1707,1735,1974,1020,288,199,200,28,6,20,28,69,30,50,1,21,3,2,9,5,8,2,0,9,1,6,1994
10436,0229,Eibergen,10438,18,"0,17 ",12600,10456,"82,98 ",2683,4077,1694,1160,140,264,101,49,1,43,68,49,23,12,3,18,5,17,13,1,5,7,1,0,3,1,1994
10314,0905,Eijsden,6865,43,"0,63 ",8851,6908,"78,05 ",1728,2254,1129,1002,257,178,131,9,4,22,29,43,7,28,8,7,5,4,6,3,4,1,1,0,3,2,1994
11298,0772,Eindhoven,113438,258,"0,23 ",151358,113696,"75,12 ",23413,22530,18469,20309,14104,4947,3126,638,201,645,2327,630,409,351,267,139,60,112,142,0,136,159,18,36,190,80,1994
11113,0230,Elburg,12953,40,"0,31 ",15323,12993,"84,79 ",1581,3392,1981,1144,216,121,154,1802,1868,379,18,80,35,24,21,8,3,101,5,4,3,3,9,0,1,0,1994
11188,0231,Elst,11297,27,"0,24 ",14482,11324,"78,19 ",2409,3171,2139,2511,235,303,134,44,38,58,66,51,18,22,24,18,1,5,8,1,10,3,17,0,8,3,1994
11180,0114,Emmen,55939,94,"0,17 ",72295,56033,"77,51 ",22475,11880,6396,7694,965,1296,658,1055,85,723,1417,477,167,99,34,97,84,58,42,48,68,30,30,0,41,20,1994
10729,0388,Enkhuizen,9552,32,"0,34 ",11913,9584,"80,45 ",2687,1798,1782,1641,384,402,144,212,136,46,54,108,10,41,4,11,15,6,6,5,27,10,3,10,3,7,1994
10364,0153,Enschede,84124,208,"0,25 ",111646,84332,"75,54 ",26652,15029,14291,13485,2137,3261,1599,1075,177,2419,1141,1340,324,205,255,142,230,56,61,41,84,52,15,0,23,30,1994
10940,0232,Epe,21580,112,"0,52 ",25820,21692,"84,01 ",5709,4931,4555,2894,565,427,478,654,662,192,76,137,51,57,40,7,6,67,29,11,7,6,7,0,5,7,1994
10732,0233,Ermelo,16400,32,"0,20 ",19764,16432,"83,14 ",1683,5584,3370,1915,363,324,201,1145,708,676,209,80,17,34,33,11,4,16,3,5,1,5,5,0,4,4,1994
10709,0776,Esch,1298,2,"0,15 ",1524,1300,"85,30 ",225,522,185,195,45,23,35,7,2,6,9,30,4,4,0,0,0,0,1,0,0,4,0,1,0,0,1994
10750,0777,Etten-Leur,18952,62,"0,33 ",25173,19014,"75,53 ",4324,4383,3945,3724,696,473,546,86,23,41,325,124,52,40,35,19,7,30,23,7,10,11,5,8,7,8,1994
11284,0068,Ferwerderadeel,5267,3,"0,06 ",6496,5270,"81,13 ",1213,2286,617,460,56,82,48,113,17,267,21,19,15,8,2,10,3,9,1,1,10,2,6,0,1,0,1994
10206,0778,Fijnaart en Heijningen,3986,4,"0,10 ",4901,3990,"81,41 ",1127,1053,740,524,145,54,136,59,31,18,20,29,15,5,2,4,2,1,6,1,0,3,4,4,1,2,1994
10404,0070,Franekeradeel,12432,37,"0,30 ",15338,12469,"81,29 ",3715,3807,1831,1451,376,315,124,302,19,193,56,57,35,39,2,22,32,10,9,12,9,6,4,0,3,3,1994
0,0653,Gaasterlân-Sleat,5974,21,"0,35 ",7058,5995,"84,94 ",1121,2510,900,636,137,100,63,205,149,46,10,25,11,12,4,2,13,9,4,5,2,3,4,0,1,2,1994
11099,0115,Gasselte,2798,12,"0,43 ",3339,2810,"84,16 ",1260,383,533,353,58,77,38,12,3,23,7,18,6,2,1,2,4,4,3,1,3,0,6,0,1,0,1994
10101,0779,Geertruidenberg,3769,18,"0,48 ",5034,3787,"75,23 ",1001,725,709,687,221,89,104,8,12,9,37,64,12,17,28,6,3,6,7,3,2,9,1,5,2,2,1994
10881,0236,Geldermalsen,14291,20,"0,14 ",17123,14311,"83,58 ",3178,3067,3393,1893,295,277,487,195,1081,119,81,73,55,23,5,6,2,15,15,0,9,12,3,0,5,2,1994
10529,0781,Geldrop,15779,25,"0,16 ",20445,15804,"77,30 ",3269,4082,2660,2893,1329,452,380,81,28,58,175,112,39,60,35,9,8,9,14,0,10,47,2,4,15,8,1994
10048,0906,Geleen,18797,21,"0,11 ",26343,18818,"71,43 ",5088,4718,2404,2411,1320,1144,704,57,25,61,193,257,68,125,88,41,10,3,16,11,15,16,2,0,13,7,1994
10277,0782,Gemert,10728,24,"0,22 ",13818,10752,"77,81 ",2543,3669,1456,1449,417,290,234,23,16,23,191,212,33,44,35,17,8,2,11,0,15,7,15,2,7,9,1994
10260,0237,Gendringen,12426,17,"0,14 ",15346,12443,"81,08 ",3123,4886,1462,1726,374,270,186,42,8,31,81,108,25,22,19,12,2,3,20,5,3,6,2,0,6,4,1994
10440,0238,Gendt,4243,18,"0,42 ",5352,4261,"79,62 ",1203,1368,595,754,112,75,51,2,2,4,13,23,9,9,3,3,0,3,5,1,3,1,3,0,1,0,1994
10746,0154,Genemuiden,4527,10,"0,22 ",5447,4537,"83,29 ",663,897,342,183,40,21,52,881,1311,81,9,14,7,1,1,0,0,2,3,4,2,2,10,0,1,0,1994
10542,0907,Gennep,9296,21,"0,23 ",12673,9317,"73,52 ",2305,3000,1369,1538,365,229,188,30,10,27,39,89,23,24,7,11,0,11,8,6,4,5,0,0,4,4,1994
10255,0689,Giessenlanden,9380,21,"0,22 ",10556,9401,"89,06 ",1949,2092,2162,1295,148,119,166,837,410,70,27,33,14,6,10,5,2,8,12,1,3,3,1,4,0,3,1994
10506,0116,Gieten,3978,10,"0,25 ",4677,3988,"85,27 ",1597,417,1002,599,101,77,35,34,3,16,12,30,3,8,1,5,4,13,4,2,0,2,5,0,4,4,1994
11375,0784,Gilze en Rijen,13955,58,"0,42 ",17412,14013,"80,48 ",2952,3830,2726,2453,569,262,458,39,24,26,217,160,58,43,24,8,7,17,30,4,9,19,1,5,8,6,1994
10981,0511,Goedereede,7285,23,"0,32 ",8193,7308,"89,20 ",1071,1462,1251,613,102,67,110,500,1907,93,27,24,16,6,5,6,1,4,6,2,3,4,0,3,1,1,1994
10674,0664,Goes,20383,76,"0,37 ",25579,20459,"79,98 ",4771,4358,3481,3105,680,741,376,535,1386,303,103,213,103,73,47,15,11,18,19,0,14,11,12,0,4,4,1994
10971,0785,Goirle,11049,16,"0,14 ",14045,11065,"78,78 ",2566,2742,1994,2052,591,382,201,23,13,27,212,89,34,30,6,12,6,9,11,3,20,12,1,4,4,5,1994
10076,0156,Goor,7606,18,"0,24 ",9227,7624,"82,63 ",2437,1891,1398,1050,138,116,111,70,13,32,124,133,25,16,11,8,4,8,7,2,7,2,1,0,2,0,1994
10942,0512,Gorinchem,17901,54,"0,30 ",22447,17955,"79,99 ",5174,2684,3472,3187,682,517,495,540,361,223,146,113,105,42,42,17,14,6,10,9,7,30,5,9,8,3,1994
10085,0239,Gorssel,9239,21,"0,23 ",10686,9260,"86,66 ",2037,2350,2718,1396,179,162,75,60,10,67,20,36,19,30,7,13,7,17,11,4,3,9,7,0,0,2,1994
10302,0513,Gouda,40109,79,"0,20 ",50067,40188,"80,27 ",9300,6508,8457,7118,1300,1470,1687,1003,1314,602,305,298,248,119,61,64,25,14,42,60,28,44,17,0,13,12,1994
10451,0693,Graafstroom,5913,23,"0,39 ",6672,5936,"88,97 ",714,1905,909,464,46,56,93,577,1022,78,13,7,8,1,0,6,0,5,4,1,0,1,0,0,1,2,1994
11417,0365,Graft-De Rijp,3989,10,"0,25 ",4668,3999,"85,67 ",925,833,1222,610,114,112,47,3,2,4,25,24,9,30,1,1,8,1,2,2,6,0,1,5,2,0,1994
11339,0157,Gramsbergen,4065,13,"0,32 ",4603,4078,"88,59 ",1116,1596,465,326,62,46,36,73,5,173,3,20,3,4,1,0,2,121,0,1,0,0,10,0,2,0,1994
10165,0786,Grave,7196,21,"0,29 ",9080,7217,"79,48 ",1466,2069,1308,1368,320,244,125,13,12,13,142,51,9,9,22,5,3,5,3,0,4,1,1,1,2,0,1994
11094,0240,Groenlo,5636,14,"0,25 ",6841,5650,"82,59 ",1257,2343,805,747,112,108,80,4,8,8,20,83,4,8,3,8,2,9,9,2,5,9,0,0,0,2,1994
10616,0241,Groesbeek,11503,60,"0,52 ",14648,11563,"78,94 ",3783,3275,1448,1491,428,352,304,36,8,27,111,108,24,22,21,13,4,11,9,0,6,5,7,0,6,4,1994
10426,0014,Groningen,110575,139,"0,13 ",141219,110714,"78,40 ",36699,12253,16281,21012,2817,8596,1002,1033,136,4369,3820,620,199,315,161,224,397,45,90,51,231,67,23,0,110,24,1994
11080,0015,Grootegast,6738,9,"0,13 ",8313,6747,"81,16 ",1347,2793,801,540,70,98,52,291,36,583,12,23,4,8,4,8,4,16,5,2,5,5,27,0,2,2,1994
10176,0912,Grubbenvorst,4119,18,"0,44 ",5122,4137,"80,77 ",835,1511,862,549,118,48,106,3,1,11,8,21,9,10,6,2,0,4,5,1,1,2,0,0,1,5,1994
11032,0913,Gulpen,4711,176,"3,74 ",5937,4887,"82,31 ",1257,1524,572,639,227,118,122,11,5,25,67,41,9,44,0,5,2,12,13,8,2,2,0,0,4,2,1994
11435,0158,Haaksbergen,14549,43,"0,30 ",17574,14592,"83,03 ",2958,5665,2649,1913,313,225,234,52,17,53,65,197,28,29,35,16,15,35,15,6,5,9,8,0,4,3,1994
11155,0788,Haaren,3226,10,"0,31 ",4054,3236,"79,82 ",564,1371,566,418,80,103,54,2,1,3,18,17,4,4,4,3,3,5,2,0,1,1,2,0,0,0,1994
10357,0392,Haarlem,87296,204,"0,23 ",115157,87500,"75,98 ",23142,13357,18316,16028,3987,5051,1957,765,218,584,448,1176,400,410,180,269,129,50,102,294,117,85,31,121,37,42,1994
10508,0393,Haarlemmerliede c.a.,3384,1,"0,03 ",4031,3385,"83,97 ",589,848,870,611,122,105,77,21,7,22,7,36,5,12,1,17,4,7,3,3,1,1,0,12,1,2,1994
11387,0394,Haarlemmermeer,59536,79,"0,13 ",75754,59615,"78,70 ",9477,12405,18703,9865,2190,2031,1084,872,482,568,220,555,218,171,91,98,38,62,67,28,61,85,18,102,29,16,1994
10321,0914,Haelen,5835,10,"0,17 ",7541,5845,"77,51 ",1163,1875,1195,844,244,147,147,19,10,34,27,50,5,25,4,4,2,2,7,4,5,5,8,0,3,6,1994
10387,0789,Halsteren,7764,33,"0,43 ",10083,7797,"77,33 ",1888,1664,1571,1336,418,159,380,21,26,18,94,57,42,13,20,8,2,10,9,2,7,3,1,7,3,5,1994
10174,0160,Hardenberg,21318,68,"0,32 ",24332,21386,"87,89 ",4295,7958,2029,1958,361,237,167,382,69,3411,59,109,30,9,6,12,9,122,16,11,2,4,51,0,9,2,1994
10786,0243,Harderwijk,21086,81,"0,38 ",26200,21167,"80,79 ",2972,6527,4426,2722,448,440,364,1227,803,682,129,87,38,56,37,13,20,17,16,1,11,17,11,0,10,12,1994
10167,0523,Hardinxveld-Giessendam,10606,38,"0,36 ",12780,10644,"83,29 ",1831,2098,1494,1036,142,83,208,1170,1805,582,25,48,24,12,8,2,3,3,7,1,3,15,0,3,2,1,1994
11058,0017,Haren,12940,28,"0,22 ",14670,12968,"88,40 ",3008,2631,3460,2022,375,410,102,120,18,563,47,50,14,20,12,25,10,16,3,6,4,15,5,0,2,2,1994
10963,0395,Harenkarspel,8630,28,"0,32 ",10566,8658,"81,94 ",1644,2731,1995,1290,241,272,125,22,11,47,20,77,17,49,4,24,2,15,9,7,7,5,5,4,2,5,1994
10909,0072,Harlingen,9251,31,"0,34 ",11402,9282,"81,41 ",3407,1758,1367,1234,275,315,175,2,6,257,50,135,28,22,11,15,21,10,11,19,9,118,4,0,0,2,1994
10183,0318,Harmelen,4779,6,"0,13 ",5898,4785,"81,13 ",636,1468,1296,736,100,119,104,86,89,26,18,32,14,5,7,11,1,6,5,1,7,2,0,6,4,0,1994
10115,0161,Hasselt,4288,6,"0,14 ",4982,4294,"86,19 ",871,1146,542,322,57,49,18,476,186,552,10,19,12,6,0,2,1,6,0,1,1,2,8,0,0,1,1994
10673,0244,Hattem,7611,14,"0,18 ",8723,7625,"87,41 ",1976,2023,1117,798,113,88,92,368,70,851,13,29,25,6,8,14,1,7,2,1,5,2,2,0,0,0,1994
10186,0117,Havelte,4197,12,"0,29 ",4870,4209,"86,43 ",1606,430,1214,529,91,98,59,20,3,18,9,20,4,28,0,2,1,10,8,2,4,6,33,0,0,2,1994
10982,0245,Hedel,2631,8,"0,30 ",3059,2639,"86,27 ",489,684,554,363,85,37,82,51,200,28,9,22,3,1,3,1,0,4,3,0,3,7,1,0,1,0,1994
11208,1937,Heel,4519,12,"0,27 ",6379,4531,"71,03 ",1001,1405,799,720,274,98,82,4,2,7,13,57,12,13,2,3,0,5,8,5,0,5,2,0,0,2,1994
10679,0396,Heemskerk,20680,59,"0,29 ",25801,20739,"80,38 ",4803,4647,3903,3874,1054,868,358,116,42,120,122,308,49,106,69,30,8,6,26,12,11,74,6,28,26,14,1994
11288,0397,Heemstede,17352,17,"0,10 ",20433,17369,"85,00 ",2758,3903,6285,2763,402,473,143,118,29,90,34,153,21,55,21,36,4,3,17,5,7,11,1,11,4,5,1994
10291,0246,Heerde,11968,27,"0,23 ",14003,11995,"85,66 ",3053,3317,1650,1219,173,124,147,1128,374,378,10,55,19,20,4,5,2,266,6,2,5,0,3,0,4,4,1994
10680,0074,Heerenveen,24374,6,"0,02 ",30238,24380,"80,63 ",9023,4423,4038,3559,559,1004,325,401,54,293,145,97,74,60,15,31,147,20,20,30,12,18,16,0,6,4,1994
10067,0247,Heerewaarden,852,5,"0,59 ",972,857,"88,17 ",359,89,214,96,23,19,26,6,4,1,1,7,2,0,0,1,0,1,1,0,0,1,0,0,0,1,1994
10752,0398,Heerhugowaard,21492,37,"0,17 ",27107,21529,"79,42 ",4637,4808,5388,4101,604,621,252,190,15,90,179,174,65,168,17,33,19,19,27,19,18,8,2,16,11,11,1994
10540,0526,Heerjansdam,2248,4,"0,18 ",2642,2252,"85,24 ",530,531,531,320,67,30,49,68,50,18,11,14,9,7,2,2,0,0,3,0,1,1,0,2,1,1,1994
10902,0917,Heerlen,50906,218,"0,43 ",73313,51124,"69,73 ",12774,10879,5545,7428,3325,1720,1897,185,54,295,5238,509,173,324,175,57,52,23,77,37,43,34,13,0,25,24,1994
10149,0791,Heesch,16087,41,"0,25 ",20329,16128,"79,33 ",3026,6289,2366,2181,461,259,251,14,25,16,849,175,32,30,5,9,1,25,13,0,17,11,13,3,11,5,1994
10462,0793,Heeze,6104,16,"0,26 ",7312,6120,"83,70 ",1158,1905,1340,963,371,130,107,11,4,11,29,25,18,5,2,2,4,3,6,0,2,5,0,0,1,2,1994
10793,0399,Heiloo,14136,32,"0,23 ",16413,14168,"86,32 ",2769,3354,4129,2301,460,437,140,95,13,56,50,110,27,77,5,25,12,15,16,6,8,1,3,12,9,6,1994
10854,0162,Heino,4803,7,"0,15 ",5467,4810,"87,98 ",918,1958,748,633,83,92,28,88,5,154,12,22,7,10,1,17,0,11,0,0,0,5,7,0,3,1,1994
10205,0918,Helden,10108,22,"0,22 ",13789,10130,"73,46 ",1770,4117,1846,1318,361,193,205,17,19,19,45,66,22,27,14,4,2,18,7,6,12,4,1,0,3,12,1994
10806,0163,Hellendoorn,22930,52,"0,23 ",26494,22982,"86,74 ",4324,10302,2691,2438,510,363,236,833,107,541,100,246,42,32,12,19,5,81,16,15,2,3,3,0,4,5,1994
11078,0530,Hellevoetsluis,19481,37,"0,19 ",26170,19518,"74,58 ",4630,2004,5907,3673,632,639,679,206,72,102,130,395,105,50,38,33,29,21,48,23,14,15,8,9,11,8,1994
10932,0794,Helmond,37693,87,"0,23 ",52713,37780,"71,67 ",8614,8450,5756,5940,2771,1013,1918,102,72,87,1518,775,159,107,94,34,79,40,45,0,42,30,7,18,10,12,1994
10389,0795,Helvoirt,3048,17,"0,56 ",3595,3065,"85,26 ",507,1073,691,450,109,68,50,4,7,12,22,24,11,1,1,1,2,0,6,0,0,4,0,2,3,0,1994
10416,0531,Hendrik Ido Ambacht,12072,7,"0,06 ",14607,12079,"82,69 ",2186,2332,2711,1837,307,151,202,408,1451,250,57,56,34,15,21,12,6,4,6,8,4,5,0,5,3,1,1994
10907,0164,Hengelo,48112,112,"0,23 ",58783,48224,"82,04 ",12365,11962,7902,7358,1127,1716,793,618,64,609,1111,1644,193,143,196,65,33,42,54,23,42,29,7,0,8,8,1994
10359,0248,Hengelo,5474,22,"0,40 ",6457,5496,"85,12 ",1376,2023,1116,602,93,76,71,28,10,15,10,20,1,10,2,4,1,8,4,0,0,1,0,0,2,1,1994
10128,0063,Het Bildt,6159,21,"0,34 ",7509,6180,"82,30 ",1955,2106,804,587,111,166,78,101,18,73,42,25,12,13,2,20,6,10,3,6,10,2,6,0,3,0,1994
10290,0251,Heteren,5411,4,"0,07 ",6539,5415,"82,81 ",1189,1711,921,834,101,125,132,100,145,59,21,17,16,5,2,8,4,1,10,1,0,4,5,0,0,0,1994
10600,0252,Heumen,8654,9,"0,10 ",10272,8663,"84,34 ",1722,2826,1656,1599,248,294,112,13,2,26,43,50,15,19,8,4,1,2,4,0,2,3,4,0,0,1,1994
10307,0797,Heusden,3471,10,"0,29 ",4537,3481,"76,72 ",695,865,647,603,216,73,144,40,43,14,34,54,8,4,3,5,0,3,6,4,2,3,0,1,1,3,1994
10840,0920,Heythuysen,6921,33,"0,48 ",8807,6954,"78,96 ",1163,2766,1241,967,277,137,142,19,5,23,35,37,10,38,7,6,2,8,6,3,2,5,17,0,3,2,1994
11236,0534,Hillegom,12231,37,"0,30 ",14998,12268,"81,80 ",2104,3244,3197,1951,556,300,243,121,72,56,69,138,39,37,3,10,5,8,14,18,16,10,8,0,7,5,1994
11297,0798,Hilvarenbeek,6350,12,"0,19 ",7581,6362,"83,92 ",1407,2226,1161,895,243,146,78,11,9,7,51,41,14,18,3,4,2,11,7,1,5,4,0,2,2,2,1994
11285,0402,Hilversum,51294,89,"0,17 ",65316,51383,"78,67 ",11698,8707,12951,8835,2291,1782,1190,844,403,562,620,358,304,178,94,93,55,31,57,29,55,59,7,46,22,23,1994
11358,0253,Hoevelaken,5518,6,"0,11 ",6452,5524,"85,62 ",806,1296,1530,836,109,96,76,156,375,155,8,29,10,6,3,6,2,4,8,1,2,1,0,0,2,1,1994
10065,0799,Hoeven,4869,13,"0,27 ",6444,4882,"75,76 ",1007,1268,1140,851,178,46,227,17,5,4,19,33,27,12,2,3,1,6,8,1,0,4,2,6,2,0,1994
11246,0165,Holten,6241,19,"0,30 ",6816,6260,"91,84 ",1495,1892,1669,731,100,63,61,88,15,37,11,41,8,0,4,1,2,15,4,0,1,0,2,0,1,0,1994
11123,0675,Hontenisse,4760,30,"0,63 ",5974,4790,"80,18 ",1187,1522,795,630,198,70,117,22,9,7,26,93,23,11,4,7,4,20,6,0,1,0,7,0,0,1,1994
10476,0801,Hooge en Lage Mierde,2418,7,"0,29 ",2929,2425,"82,79 ",334,1216,363,281,98,31,27,4,1,6,26,14,1,2,2,2,0,5,0,0,1,1,1,0,1,1,1994
11318,0802,Hooge en Lage Zwaluwe,3742,6,"0,16 ",4696,3748,"79,81 ",869,948,867,561,130,54,135,32,16,19,20,32,14,12,2,8,4,10,2,2,0,1,1,1,1,1,1994
10657,0800,Hoogeloon,5095,14,"0,27 ",6218,5109,"82,16 ",915,2103,869,715,201,60,87,10,6,11,24,41,12,6,2,9,6,1,2,0,1,2,8,3,1,0,1994
10839,0118,Hoogeveen,27969,0,"0,00 ",34801,27969,"80,37 ",7612,8333,3432,3316,661,622,359,1215,241,1001,152,206,52,38,41,30,39,236,20,18,12,12,309,0,8,4,1994
10410,0018,Hoogezand-Sappemeer,19527,119,"0,61 ",25466,19646,"77,15 ",7904,2232,3029,2783,789,824,385,220,26,550,235,176,61,43,45,28,94,24,22,12,13,10,8,0,7,7,1994
11392,0405,Hoorn,34529,79,"0,23 ",44048,34608,"78,57 ",8817,5243,8409,6501,1460,1682,612,269,29,115,281,406,55,143,71,66,120,25,36,29,44,37,6,39,12,22,1994
11108,0923,Horst,10679,19,"0,18 ",14069,10698,"76,04 ",1889,4745,1483,1250,265,136,152,28,27,31,429,73,43,24,5,13,2,36,14,8,11,5,5,0,4,1,1994
10230,0321,Houten,17405,0,"0,00 ",20459,17405,"85,07 ",3024,4099,3890,3256,391,703,272,466,451,340,113,206,46,46,17,10,10,6,13,6,10,6,4,10,1,9,1994
10466,0803,Huijbergen,1202,4,"0,33 ",1497,1206,"80,56 ",220,379,293,170,41,22,34,4,1,5,10,6,3,2,1,0,0,3,4,0,0,0,3,0,0,1,1994
11047,0255,Huissen,9365,24,"0,26 ",11438,9389,"82,09 ",2111,2726,1883,1864,244,183,109,33,7,19,36,45,13,39,10,6,8,5,6,6,1,4,3,0,2,2,1994
11170,0406,Huizen,24318,37,"0,15 ",29600,24355,"82,28 ",3881,4866,6850,4140,597,654,428,1397,558,322,116,135,54,87,56,31,13,11,23,21,11,17,5,28,11,6,1994
11408,0677,Hulst,9865,50,"0,51 ",13480,9915,"73,55 ",2569,2426,1846,1498,474,196,424,39,10,17,64,123,58,27,8,15,7,8,20,0,10,13,6,0,5,2,1994
11235,0256,Hummelo en Keppel,3012,11,"0,37 ",3400,3023,"88,91 ",759,807,790,434,66,43,24,15,8,5,17,13,1,11,4,3,0,5,2,1,2,1,1,0,0,0,1994
10784,0925,Hunsel,3403,19,"0,56 ",4391,3422,"77,93 ",631,1425,488,440,135,69,112,9,2,6,26,23,3,5,0,4,0,4,6,5,2,1,6,0,1,0,1994
10858,0195,IJsselham,3569,10,"0,28 ",4076,3579,"87,81 ",932,1147,676,318,82,72,38,120,14,55,9,27,13,18,1,7,4,8,8,0,2,3,15,0,0,0,1994
10641,0191,IJsselmuiden,8419,19,"0,23 ",9404,8438,"89,73 ",928,2587,819,510,85,65,96,1379,1523,290,10,24,32,3,3,2,0,25,1,4,1,0,32,0,0,0,1994
10152,0353,IJsselstein,13193,15,"0,11 ",16423,13208,"80,42 ",2569,2949,3195,2551,326,389,278,312,235,63,82,69,57,16,22,19,3,10,11,4,6,10,1,9,1,6,1994
10461,0645,Jacobswoude,6787,17,"0,25 ",8071,6804,"84,30 ",837,2192,1828,1041,192,150,144,80,110,41,46,42,16,13,1,26,1,4,8,2,1,1,6,0,2,3,1994
10253,0166,Kampen,20058,44,"0,22 ",24111,20102,"83,37 ",4488,4896,2258,2361,467,649,348,2079,928,1028,125,136,70,31,34,31,8,21,12,11,4,11,54,0,3,5,1994
11223,0678,Kapelle,6563,10,"0,15 ",7896,6573,"83,24 ",1231,1681,1374,783,223,103,139,237,572,89,23,38,18,18,6,4,1,13,1,0,5,0,2,0,0,2,1994
10707,0537,Katwijk,23103,34,"0,15 ",29291,23137,"78,99 ",2844,7255,3347,2191,533,338,298,2586,2837,342,130,130,119,29,23,28,10,14,14,10,6,4,0,0,1,14,1994
10313,0928,Kerkrade,25628,154,"0,60 ",37691,25782,"68,40 ",9029,5520,2225,3039,1870,1066,1010,58,45,124,720,356,58,195,57,40,22,16,57,46,20,23,10,0,9,13,1994
10791,0257,Kerkwijk,3913,8,"0,20 ",4678,3921,"83,82 ",564,959,631,260,71,35,49,341,914,37,10,11,4,6,0,2,1,5,4,0,2,0,4,0,3,0,1994
10890,0929,Kessel,2520,12,"0,48 ",3083,2532,"82,13 ",523,1026,413,313,93,34,71,2,1,1,4,20,3,8,0,0,1,2,3,0,0,0,1,0,1,0,1994
10916,0258,Kesteren,5793,15,"0,26 ",6904,5808,"84,13 ",1255,909,704,498,79,67,128,168,1841,52,18,27,11,10,7,1,3,3,4,0,1,1,5,0,1,0,1994
10656,0804,Klundert,4058,12,"0,30 ",5097,4070,"79,85 ",759,1263,786,491,118,50,130,244,77,52,15,28,11,4,2,10,0,5,4,0,4,2,0,2,0,1,1994
10984,0079,Kollumerland c.a.,7504,35,"0,47 ",9308,7539,"80,99 ",1809,3200,674,576,126,116,92,384,112,240,51,14,17,11,4,12,15,19,8,2,5,8,2,0,4,3,1994
10914,0588,Korendijk,6172,13,"0,21 ",7600,6185,"81,38 ",1275,1032,1458,677,109,74,153,154,1044,71,17,31,21,11,2,10,1,4,9,2,2,6,0,2,2,5,1994
10250,0682,Kortgene,2375,6,"0,25 ",2792,2381,"85,28 ",614,450,555,325,110,64,36,57,84,16,7,20,7,7,0,10,1,1,1,0,1,2,0,0,0,7,1994
10859,0542,Krimpen aan den IJssel,17456,24,"0,14 ",20901,17480,"83,63 ",3834,2525,3986,2503,474,283,495,453,2017,450,92,86,116,23,40,18,7,0,13,13,7,13,2,0,2,4,1994
10276,1685,Landerd,8383,36,"0,43 ",10500,8419,"80,18 ",1660,3354,1313,1098,268,150,124,7,14,19,215,85,10,17,2,8,1,10,8,0,4,6,5,1,2,2,1994
11335,0882,Landgraaf,21747,76,"0,35 ",30249,21823,"72,14 ",6129,4531,2461,3276,1398,728,746,50,43,96,1403,230,158,158,45,35,23,34,39,18,48,10,8,0,72,8,1994
11225,0415,Landsmeer,6814,13,"0,19 ",8100,6827,"84,28 ",2015,698,1987,1133,302,186,163,53,21,14,42,78,11,11,8,19,16,5,9,2,12,2,0,23,1,3,1994
11413,0325,Langbroek,1268,2,"0,16 ",1543,1270,"82,31 ",183,351,238,114,31,26,15,69,177,39,1,9,0,5,0,1,1,3,0,0,2,3,0,0,0,0,1994
10955,0416,Langedijk,13582,22,"0,16 ",16222,13604,"83,86 ",2574,3418,3519,2274,457,383,173,212,32,158,51,104,35,75,3,24,7,8,13,17,16,9,2,11,5,2,1994
10649,0417,Laren,7698,1,"0,01 ",9354,7699,"82,31 ",1190,1588,3069,1076,247,161,93,32,19,29,25,55,24,26,17,11,7,3,7,2,8,4,0,2,0,3,1994
10604,0022,Leek,10786,25,"0,23 ",13312,10811,"81,21 ",3273,2370,1732,1401,218,306,138,207,32,847,62,60,9,16,12,14,14,24,2,7,6,3,26,0,4,3,1994
11017,0805,Leende,2702,4,"0,15 ",3163,2706,"85,55 ",331,1240,550,304,157,35,29,4,3,8,12,8,5,5,0,1,0,7,1,0,1,1,0,0,0,0,1994
10685,0545,Leerdam,11444,26,"0,23 ",14232,11470,"80,59 ",2738,2422,2201,1439,302,182,314,584,738,242,77,49,52,15,32,8,9,6,10,8,3,4,2,1,5,1,1994
11142,0326,Leersum,4661,7,"0,15 ",5367,4668,"86,98 ",852,861,1437,638,138,119,93,89,254,64,11,42,8,18,5,4,0,5,7,2,2,8,0,3,0,1,1994
11228,0080,Leeuwarden,54542,126,"0,23 ",68451,54668,"79,86 ",19996,9585,7520,9057,1464,2750,646,838,110,822,501,301,179,207,114,67,89,20,46,72,57,38,22,0,30,11,1994
10851,0081,Leeuwarderadeel,6071,15,"0,25 ",6956,6086,"87,49 ",2139,1600,923,828,113,109,57,107,8,82,15,19,11,22,1,3,10,5,4,3,7,2,2,0,1,0,1994
10702,0546,Leiden,69711,235,"0,34 ",88062,69946,"79,43 ",18087,9344,14441,14253,1750,4644,1870,559,239,485,2494,332,264,223,93,172,80,13,69,33,111,54,25,0,47,29,1994
10058,0547,Leiderdorp,14856,20,"0,13 ",17783,14876,"83,65 ",2677,3112,4126,2805,567,534,187,129,107,113,146,144,41,43,36,15,9,6,12,8,12,10,4,0,5,8,1994
10742,0548,Leidschendam,21170,42,"0,20 ",25916,21212,"81,85 ",3257,4880,6205,3515,471,545,445,151,52,127,770,358,116,54,95,27,6,18,21,15,9,11,4,0,8,10,1994
11110,0995,Lelystad,31686,71,"0,22 ",42583,31757,"74,58 ",7819,3722,6606,5952,1645,1263,901,443,107,354,1048,463,248,666,68,94,82,15,55,13,44,11,0,43,15,9,1994
10142,0082,Lemsterland,6809,12,"0,18 ",8559,6821,"79,69 ",1866,1860,1081,799,119,97,69,249,44,45,24,20,42,15,2,8,441,3,1,3,5,2,11,0,2,1,1994
10978,0327,Leusden,17254,13,"0,08 ",20093,17267,"85,94 ",2732,4172,4526,3165,396,501,183,234,247,685,70,110,28,65,23,17,4,21,10,7,8,9,7,19,6,9,1994
10242,0260,Lichtenvoorde,11220,27,"0,24 ",13647,11247,"82,41 ",2070,5157,1687,1475,203,202,140,18,11,20,38,88,14,26,11,5,3,21,8,4,5,7,3,0,1,3,1994
10487,1673,Liemeer,3935,10,"0,25 ",4977,3945,"79,26 ",381,1411,1155,466,76,69,107,98,46,23,43,23,13,3,1,5,0,8,3,0,3,0,1,0,0,0,1994
10390,0806,Liempde,2764,15,"0,54 ",3444,2779,"80,69 ",605,1008,379,419,118,48,77,3,2,7,26,41,6,5,2,0,0,2,1,0,1,4,6,2,1,1,1994
11093,0261,Lienden,4463,13,"0,29 ",5304,4476,"84,39 ",1439,793,960,425,65,57,102,138,371,43,10,20,9,7,1,2,1,16,2,0,1,0,1,0,0,0,1994
10637,0807,Lieshout,3767,14,"0,37 ",4610,3781,"82,02 ",796,1381,547,542,202,62,124,5,2,2,35,36,8,4,0,0,1,3,2,0,3,1,6,4,0,1,1994
11205,0694,Liesveld,5876,23,"0,39 ",6748,5899,"87,42 ",1033,1348,1140,533,69,69,125,560,742,196,10,10,10,7,2,0,5,8,3,1,2,0,0,1,2,0,1994
11370,0418,Limmen,3625,8,"0,22 ",4345,3633,"83,61 ",650,1183,939,535,91,76,38,5,5,8,15,24,2,29,0,7,1,1,4,1,4,3,0,0,1,3,1994
11376,0733,Lingewaal,6484,9,"0,14 ",7764,6493,"83,63 ",1593,1769,1299,735,120,80,151,243,276,98,27,29,14,9,0,5,5,6,3,0,5,7,5,0,3,2,1994
10197,0553,Lisse,13471,25,"0,19 ",16107,13496,"83,79 ",1822,3902,3424,2030,475,240,196,271,661,125,52,109,32,30,15,18,6,10,14,6,12,5,5,0,3,8,1994
11219,0808,Lith,3843,16,"0,42 ",4789,3859,"80,58 ",826,1416,632,439,147,53,97,6,3,5,128,51,8,11,1,1,1,3,2,0,1,2,7,0,2,1,1994
10422,0140,Littenseradiel,6121,4,"0,07 ",7436,6125,"82,37 ",1668,2022,1124,690,85,173,45,88,15,64,25,22,8,37,6,14,6,3,7,3,4,2,10,0,0,0,1994
11263,0262,Lochem,12061,52,"0,43 ",14678,12113,"82,52 ",3383,2365,3214,1971,269,347,131,81,17,40,44,76,23,23,8,15,3,17,12,4,5,10,1,0,1,1,1994
11202,0329,Loenen,5613,958,"17,07 ",6449,6571,"101,89 ",944,1291,1733,809,167,139,93,101,105,68,12,77,6,11,3,5,1,13,5,0,4,3,2,17,3,1,1994
11259,0809,Loon op Zand,13239,21,"0,16 ",16955,13260,"78,21 ",2786,3953,2750,2001,511,322,324,34,107,37,122,127,44,39,8,14,4,9,6,4,8,4,6,9,4,6,1994
10639,0330,Loosdrecht,5905,15,"0,25 ",7022,5920,"84,31 ",786,1242,2313,905,185,72,98,85,79,45,9,24,15,18,1,5,0,4,3,0,2,3,1,4,1,5,1994
10333,0331,Lopik,8030,31,"0,39 ",9505,8061,"84,81 ",1001,2643,1622,856,135,97,261,414,741,110,19,47,28,10,9,5,6,11,3,0,2,0,3,5,2,0,1994
10934,0024,Loppersum,6745,10,"0,15 ",8149,6755,"82,89 ",2016,1965,794,730,131,253,56,178,21,431,50,31,13,8,2,17,4,4,5,3,5,6,17,0,3,2,1994
11166,0168,Losser,13896,33,"0,24 ",16986,13929,"82,00 ",3266,5282,1980,1850,436,210,293,69,13,44,64,198,28,20,19,21,15,15,24,15,7,10,8,0,3,6,1994
10011,0810,Luyksgestel,1828,5,"0,27 ",2155,1833,"85,06 ",342,767,331,207,73,31,36,2,0,5,4,12,4,5,0,5,0,3,0,0,0,0,0,0,0,1,1994
11143,0811,Maarheeze,5589,9,"0,16 ",6942,5598,"80,64 ",953,2065,1251,704,303,73,92,14,6,15,35,29,15,11,7,3,0,2,4,0,0,2,0,1,1,3,1994
10392,0332,Maarn,4117,5,"0,12 ",4570,4122,"90,20 ",663,905,1349,577,104,115,60,56,130,43,9,48,10,25,2,5,0,4,3,1,3,2,0,0,2,1,1994
10191,0333,Maarssen,23696,46,"0,19 ",29580,23742,"80,26 ",4884,4281,6701,4574,609,815,461,410,126,166,178,169,87,61,28,23,20,11,9,10,15,20,5,18,9,6,1994
10691,0334,Maartensdijk,5876,4,"0,07 ",6907,5880,"85,13 ",874,1249,1580,840,144,120,95,246,549,65,20,22,13,29,11,3,3,2,3,2,2,2,0,1,1,0,1994
10964,0933,Maasbracht,8155,46,"0,56 ",10707,8201,"76,59 ",1650,2575,1526,1048,620,213,238,47,11,23,35,60,7,28,8,7,4,11,13,8,3,7,7,0,3,3,1994
11352,0934,Maasbree,7058,18,"0,26 ",9044,7076,"78,24 ",1130,3070,1223,965,192,146,134,9,18,17,37,48,8,19,1,10,0,10,5,0,4,6,2,0,4,0,1994
10370,1671,Maasdonk,6570,10,"0,15 ",8254,6580,"79,72 ",1313,2547,1013,744,267,74,212,14,11,11,227,80,14,8,0,2,1,7,9,0,4,4,3,3,1,1,1994
10341,0263,Maasdriel,5397,7,"0,13 ",6833,5404,"79,09 ",1019,1844,1211,654,252,47,204,12,19,8,42,29,17,5,0,6,0,7,10,0,1,4,1,0,3,2,1994
10393,0555,Maasland,4292,3,"0,07 ",4818,4295,"89,14 ",420,1809,1157,439,67,67,75,87,45,61,15,12,8,9,1,4,0,3,6,1,1,0,1,3,1,0,1994
10880,0556,Maassluis,18870,75,"0,40 ",24025,18945,"78,86 ",4070,3797,4701,3194,600,389,675,383,169,256,180,144,95,45,51,20,7,3,9,31,7,14,3,15,8,4,1994
10182,0935,Maastricht,63794,235,"0,37 ",93263,64029,"68,65 ",18784,13401,8372,11363,3504,3082,1836,167,76,286,1036,765,150,356,161,37,31,32,83,103,44,65,5,0,37,18,1994
10258,0812,Made en Drimmelen,7399,14,"0,19 ",9430,7413,"78,61 ",1900,1913,1348,1403,292,85,232,9,16,12,31,59,22,12,6,6,4,18,6,5,2,14,1,1,1,1,1994
11243,0936,Margraten,8594,37,"0,43 ",10512,8631,"82,11 ",1897,3049,1346,1267,313,246,174,25,6,43,40,71,9,35,2,9,6,17,4,11,2,10,7,0,3,2,1994
11221,0686,Mariekerke,2435,5,"0,21 ",2668,2440,"91,45 ",188,695,225,162,52,33,29,125,848,46,4,9,5,4,0,2,1,6,1,0,0,0,0,0,0,0,1994
11382,0169,Markelo,4937,21,"0,43 ",5581,4958,"88,84 ",1207,1053,1689,574,60,60,71,74,13,11,9,71,3,4,0,6,5,19,0,0,1,1,0,0,4,2,1994
11431,0025,Marum,5595,38,"0,68 ",7018,5633,"80,27 ",1713,1433,981,608,123,114,106,132,20,218,17,34,12,5,4,5,4,37,10,4,2,2,11,0,0,0,1994
10300,0264,Maurik,3979,16,"0,40 ",4879,3995,"81,88 ",1271,779,934,520,73,47,145,44,47,17,15,31,13,7,3,1,2,11,4,0,0,5,4,0,4,2,1994
11215,0420,Medemblik,4117,18,"0,44 ",5328,4135,"77,61 ",928,983,953,586,203,116,101,63,11,25,17,60,16,9,1,6,8,3,2,0,3,4,2,11,0,6,1994
11416,0993,Meerlo-Wanssum,4139,19,"0,46 ",5292,4158,"78,57 ",805,1743,622,576,113,104,60,5,2,5,17,42,7,20,1,6,0,3,4,0,0,1,1,0,2,0,1994
10494,0938,Meerssen,12897,71,"0,55 ",16305,12968,"79,53 ",2964,3667,2175,2181,646,383,266,30,16,114,78,153,18,111,25,10,13,8,17,5,2,6,0,0,4,5,1994
10925,0941,Meijel,3126,15,"0,48 ",4247,3141,"73,96 ",658,1299,460,384,124,33,70,3,5,5,12,23,2,11,0,4,0,3,6,3,1,3,15,0,2,0,1994
11144,0083,Menaldumadeel,8337,27,"0,32 ",9904,8364,"84,45 ",2784,2372,1362,974,154,194,71,141,17,97,27,31,18,13,6,23,12,11,3,2,7,6,7,0,4,1,1994
11282,1987,Menterwolde,7552,44,"0,58 ",9386,7596,"80,93 ",3565,746,1008,884,240,231,160,84,12,150,223,58,26,20,1,14,51,26,7,8,9,6,16,0,1,6,1994
11204,0119,Meppel,15086,43,"0,29 ",18531,15129,"81,64 ",4957,2599,2581,2580,479,424,213,291,22,545,81,110,28,37,19,20,5,14,18,5,12,11,26,0,7,2,1994
10122,0687,Middelburg,24225,61,"0,25 ",30321,24286,"80,10 ",5865,4542,3854,4063,859,1019,471,928,1398,462,203,171,55,66,89,24,29,6,25,0,18,44,16,0,12,6,1994
11067,0559,Middelharnis,9836,13,"0,13 ",12467,9849,"79,00 ",2121,1626,1665,1126,250,168,245,742,1584,131,29,48,25,15,3,6,5,11,6,10,3,2,2,3,9,1,1994
10837,0688,Middenschouwen,1715,4,"0,23 ",2053,1719,"83,73 ",340,400,427,169,54,29,34,96,96,32,4,7,4,6,1,4,1,3,2,0,0,0,3,0,1,2,1994
10215,0814,Mierlo,6450,16,"0,25 ",7599,6466,"85,09 ",1177,2001,1097,1237,326,148,125,14,8,18,93,131,9,15,9,4,3,3,9,0,1,9,2,2,3,6,1994
10535,0815,Mill en Sint Hubert,6789,27,"0,40 ",8273,6816,"82,39 ",1550,2753,950,847,246,97,128,7,3,9,87,45,5,23,0,6,1,6,6,0,1,8,4,1,3,3,1994
10072,0265,Millingen a/d Rijn,3301,7,"0,21 ",4262,3308,"77,62 ",1287,818,368,493,64,75,36,8,4,1,22,21,4,6,8,2,0,4,1,0,2,75,1,0,1,0,1994
11191,0816,Moergestel,3694,15,"0,41 ",4479,3709,"82,81 ",634,1633,673,482,99,44,44,3,0,5,31,26,5,2,2,2,0,0,5,0,0,2,1,1,0,0,1994
10019,0562,Monster,11779,26,"0,22 ",14681,11805,"80,41 ",1440,3881,3259,1127,324,120,446,264,453,216,52,68,40,17,15,7,5,6,5,10,3,1,11,7,1,1,1994
10033,0335,Montfoort,8060,15,"0,19 ",9387,8075,"86,02 ",1041,2340,2017,1172,193,239,141,211,459,79,40,51,16,17,5,4,0,9,6,5,4,5,1,1,3,1,1994
10271,0944,Mook en Middelaar,4711,13,"0,28 ",5664,4724,"83,40 ",968,1274,1073,818,204,185,49,13,5,15,30,30,3,15,7,2,0,3,6,0,2,3,0,0,1,5,1994
10120,0563,Moordrecht,4190,20,"0,48 ",5276,4210,"79,80 ",949,754,997,672,81,71,143,98,206,58,34,33,20,11,40,4,3,2,6,1,2,1,0,0,1,3,1994
10958,0424,Muiden,4567,9,"0,20 ",5197,4576,"88,05 ",1015,805,1517,759,124,109,88,22,19,19,9,34,5,11,3,3,8,2,3,0,2,4,0,5,0,1,1994
11418,0565,Naaldwijk,17162,17,"0,10 ",20705,17179,"82,97 ",1920,6561,5095,1623,310,152,500,320,198,137,46,85,95,16,9,8,4,16,14,11,1,5,12,12,3,9,1994
10187,0425,Naarden,10911,8,"0,07 ",12727,10919,"85,79 ",1744,1885,4329,1700,347,270,151,104,66,72,27,66,32,39,17,14,2,8,7,5,8,7,3,1,3,4,1994
10715,0426,Nederhorst den Berg,3483,9,"0,26 ",4099,3492,"85,19 ",610,848,1104,552,82,72,61,29,10,22,30,18,8,13,0,9,3,4,0,0,3,0,1,2,0,2,1994
10050,0643,Nederlek,9314,29,"0,31 ",11139,9343,"83,88 ",2575,1280,2282,1462,156,170,273,176,635,93,50,36,59,17,9,5,6,1,6,5,4,6,5,0,1,2,1994
10681,0946,Nederweert,9221,44,"0,48 ",11926,9265,"77,69 ",1997,3376,1510,1149,394,114,230,12,9,27,59,61,11,27,7,7,1,11,10,1,3,0,195,0,6,4,1994
10367,0266,Neede,7227,17,"0,24 ",8571,7244,"84,52 ",2380,1956,1271,939,121,125,115,52,5,102,18,55,16,16,6,6,7,11,11,2,4,4,0,0,5,0,1994
10125,0304,Neerijnen,6769,20,"0,30 ",8084,6789,"83,98 ",1804,1448,1445,649,117,103,228,119,688,60,21,28,16,10,1,7,3,8,9,0,1,1,0,0,2,1,1994
10923,0412,Niedorp,6331,23,"0,36 ",7812,6354,"81,34 ",1810,1300,1451,1006,232,189,114,9,1,15,34,49,15,35,0,13,3,21,3,4,7,2,3,10,2,3,1994
10374,0356,Nieuwegein,33481,43,"0,13 ",42293,33524,"79,27 ",7272,5867,8095,6765,1377,1169,886,400,231,281,346,227,123,100,97,37,20,15,27,23,35,20,10,39,11,8,1994
10855,0567,Nieuwerkerk aan de IJssel,10757,23,"0,21 ",13348,10780,"80,76 ",2005,1980,3117,1720,274,123,266,369,442,183,59,67,60,25,21,8,7,6,5,3,6,1,4,0,4,2,1994
10406,0817,Nieuw-Ginneken,7862,21,"0,27 ",9170,7883,"85,97 ",1340,2223,2008,1416,345,131,128,19,10,23,47,70,15,21,5,8,4,11,9,10,1,7,1,3,2,5,1994
10728,0569,Nieuwkoop,6479,15,"0,23 ",8117,6494,"80,00 ",983,1897,1722,992,113,176,122,144,129,38,23,46,28,7,0,9,4,12,12,0,12,4,2,0,3,1,1994
10547,0571,Nieuw-Lekkerland,5525,15,"0,27 ",6298,5540,"87,96 ",1208,733,731,609,73,71,111,623,1123,129,24,29,16,9,4,3,4,3,7,9,2,0,0,3,1,0,1994
10384,0170,Nieuwleusen,5135,17,"0,33 ",6094,5152,"84,54 ",1008,1865,811,476,100,36,63,128,160,362,12,42,10,7,1,1,1,24,5,2,0,0,20,0,1,0,1994
10401,0818,Nieuw-Vossemeer,1436,5,"0,35 ",1800,1441,"80,06 ",491,330,221,202,72,22,55,8,1,5,7,10,1,4,0,3,0,0,3,1,0,0,0,0,0,0,1994
10768,0104,Nijefurd,6550,21,"0,32 ",7755,6571,"84,73 ",1657,2508,909,689,143,179,55,177,17,66,25,33,10,32,1,9,14,0,4,6,9,4,2,0,1,0,1994
10774,0121,Nijeveen,1942,9,"0,46 ",2201,1951,"88,64 ",371,664,440,266,34,22,16,35,8,46,4,5,3,0,0,2,0,4,2,1,0,0,18,0,0,1,1994
10446,0267,Nijkerk,15960,79,"0,49 ",19287,16039,"83,16 ",2405,4802,2739,1965,312,186,424,1054,1064,634,20,179,41,28,15,4,3,32,9,6,6,9,17,0,2,4,1994
11209,0268,Nijmegen,87148,292,"0,34 ",114494,87440,"76,37 ",24948,14856,10586,16641,3263,8557,1916,263,96,319,3498,606,233,284,193,346,59,37,60,0,156,97,27,0,75,32,1994
10924,0529,Noorder-Koggenland,6100,11,"0,18 ",7237,6111,"84,44 ",1330,1151,1707,987,212,158,101,154,64,49,24,39,16,32,1,10,6,11,6,1,8,3,18,5,1,6,1994
10144,0171,Noordoostpolder,23591,57,"0,24 ",28029,23648,"84,37 ",4424,7803,4362,2842,594,483,358,941,425,760,80,227,62,40,10,47,26,47,11,15,7,13,0,7,5,2,1994
10769,0575,Noordwijk,15057,44,"0,29 ",19018,15101,"79,40 ",2597,3833,4254,2148,555,586,299,226,42,87,121,87,94,45,12,19,5,9,8,7,6,9,2,0,1,5,1994
11134,0576,Noordwijkerhout,9425,45,"0,48 ",11224,9470,"84,37 ",1345,2950,2756,1351,275,209,137,27,12,17,53,72,91,29,17,17,3,18,12,6,8,8,3,0,6,3,1994
10601,0577,Nootdorp,4873,10,"0,21 ",5915,4883,"82,55 ",587,1489,1508,733,97,95,160,36,16,43,21,28,13,12,5,12,0,3,5,4,0,1,3,0,0,2,1994
10608,0120,Norg,4459,17,"0,38 ",5404,4476,"82,83 ",1355,577,1295,695,118,131,68,24,13,52,23,18,4,3,8,5,1,19,0,10,3,2,31,0,3,1,1994
10761,0820,Nuenen,13640,20,"0,15 ",16170,13660,"84,48 ",2317,3957,2957,2740,741,338,204,29,9,71,76,47,25,36,15,14,3,9,8,0,3,19,5,5,9,3,1994
10512,0302,Nunspeet,16267,50,"0,31 ",18603,16317,"87,71 ",1580,4035,2609,1305,372,141,277,2388,3012,261,20,100,17,34,14,8,4,54,11,8,5,4,4,0,2,2,1994
10104,0951,Nuth,10829,51,"0,47 ",13258,10880,"82,06 ",2555,3574,1521,1517,531,309,274,23,15,48,170,79,24,99,14,12,2,10,14,12,5,4,1,0,10,6,1994
11338,0429,Obdam,3933,11,"0,28 ",4543,3944,"86,81 ",633,1405,981,558,92,120,45,10,6,12,11,27,5,9,2,4,2,2,3,2,1,1,0,1,0,1,1994
11320,0122,Odoorn,7832,31,"0,40 ",9734,7863,"80,78 ",3183,1248,1449,1001,158,140,118,148,6,122,57,81,14,22,0,14,11,21,3,1,5,14,11,0,1,4,1994
10287,0579,Oegstgeest,12193,35,"0,29 ",13973,12228,"87,51 ",1975,2377,4014,2217,343,479,110,128,44,205,67,100,22,28,16,18,5,3,12,8,12,4,1,0,1,4,1994
10225,0823,Oirschot,7226,33,"0,46 ",8935,7259,"81,24 ",1397,2726,1189,1088,345,123,147,8,5,10,68,44,15,12,3,10,1,11,9,0,1,4,7,1,1,1,1994
10103,0824,Oisterwijk,11363,12,"0,11 ",14322,11375,"79,42 ",2275,3024,2682,1867,541,348,212,43,29,36,111,64,19,20,11,11,5,6,16,1,7,16,3,8,6,2,1994
11106,0269,Oldebroek,12499,15,"0,12 ",15482,12514,"80,83 ",2217,3315,1215,713,122,78,136,2354,1652,509,38,48,44,5,7,5,2,17,4,0,2,2,6,0,4,4,1994
11100,0173,Oldenzaal,19266,65,"0,34 ",22847,19331,"84,61 ",4304,6310,3345,3099,558,526,351,51,13,75,137,266,36,49,19,21,13,23,20,12,7,19,1,0,5,6,1994
10409,0174,Olst,6075,22,"0,36 ",7095,6097,"85,93 ",1851,1658,1295,753,96,137,67,34,27,20,19,38,9,9,7,10,2,14,1,1,4,22,0,0,0,1,1994
11069,0175,Ommen,12082,30,"0,25 ",13455,12112,"90,02 ",1889,5055,1828,1199,191,139,74,284,56,1165,19,68,13,10,5,9,3,51,4,2,4,1,6,0,5,2,1994
10492,0881,Onderbanken,4969,25,"0,50 ",6473,4994,"77,15 ",1306,1593,544,580,319,121,233,5,8,25,107,40,14,40,2,5,5,6,2,7,2,0,0,0,5,0,1994
10220,0825,Oost- West- en Middelbeers,3082,15,"0,49 ",3865,3097,"80,13 ",506,1363,539,376,109,46,60,2,3,3,20,12,12,12,1,2,0,6,1,1,1,2,4,1,0,0,1994
10782,0692,Oostburg,10455,55,"0,53 ",13753,10510,"76,42 ",2889,2236,2619,1202,400,192,300,122,137,81,40,97,37,10,5,18,15,17,11,0,6,6,9,0,2,4,1994
10490,0123,Oosterhesselen,3241,7,"0,22 ",3801,3248,"85,45 ",1062,716,592,366,65,49,62,81,16,95,22,26,2,4,0,4,5,24,2,1,2,4,40,0,1,0,1994
11280,0826,Oosterhout,28976,49,"0,17 ",37331,29025,"77,75 ",6784,6148,6382,5518,1320,581,787,136,49,73,314,335,79,57,100,61,13,17,36,12,9,123,9,6,14,13,1994
10714,0580,Oostflakkee,6130,28,"0,46 ",7504,6158,"82,06 ",1724,1322,955,702,138,66,202,236,603,44,13,42,17,14,3,11,0,5,6,6,3,6,6,2,0,4,1994
10836,0085,Ooststellingwerf,15466,44,"0,28 ",18918,15510,"81,99 ",5415,3258,2563,1992,352,530,259,213,64,359,78,67,30,42,7,20,23,32,13,81,27,8,25,0,5,3,1994
11303,0431,Oostzaan,5211,11,"0,21 ",6384,5222,"81,80 ",1362,528,1535,834,183,324,174,66,21,7,33,55,16,11,4,6,9,3,9,6,5,1,0,17,1,1,1994
11079,0176,Ootmarsum,3120,11,"0,35 ",3411,3131,"91,79 ",503,1473,546,335,85,49,32,9,12,10,4,39,10,2,0,1,3,0,5,1,0,0,1,0,0,0,1994
10609,0432,Opmeer,6353,26,"0,41 ",7604,6379,"83,89 ",1210,2231,1468,791,204,165,80,30,1,22,23,30,4,25,4,16,1,17,4,6,5,2,7,4,1,2,1994
10005,0086,Opsterland,16850,26,"0,15 ",20477,16876,"82,41 ",5917,3568,2500,2004,282,591,156,357,59,873,100,96,49,28,11,33,140,8,16,27,13,8,5,0,4,5,1994
10834,0828,Oss,35253,34,"0,10 ",45936,35287,"76,82 ",7116,8214,5622,4729,1590,682,1034,76,32,67,4552,1028,92,124,64,28,14,26,30,0,54,16,9,18,21,15,1994
10929,0829,Ossendrecht,2832,15,"0,53 ",3916,2847,"72,70 ",666,760,553,418,162,43,112,12,4,12,11,28,13,7,6,7,0,3,5,3,0,1,2,4,0,0,1994
11363,0831,Oud en Nieuw Gastel,4605,31,"0,67 ",6416,4636,"72,26 ",1190,1280,804,669,210,73,191,13,3,7,42,37,20,4,2,10,1,16,8,6,5,3,1,6,1,3,1994
11301,0584,Oud-Beijerland,12345,9,"0,07 ",15338,12354,"80,55 ",2418,2118,3026,1955,238,277,281,488,1177,99,61,87,39,16,7,15,3,3,12,7,7,3,0,5,1,2,1994
10397,0830,Oudenbosch,6993,37,"0,53 ",9300,7030,"75,59 ",1551,1876,1510,1074,278,139,310,13,14,16,44,51,25,17,10,8,3,4,6,4,4,7,0,22,3,4,1994
10998,0437,Ouder-Amstel,7629,22,"0,29 ",9104,7651,"84,04 ",1422,1615,2244,1237,387,207,182,52,49,30,34,54,17,20,11,10,9,0,4,7,7,4,2,23,0,2,1994
10095,0644,Ouderkerk,5284,27,"0,51 ",6201,5311,"85,65 ",963,910,1229,586,91,58,163,267,819,103,5,34,18,12,2,3,1,4,2,1,0,3,1,0,5,4,1994
10188,0589,Oudewater,6130,14,"0,23 ",7234,6144,"84,93 ",820,2257,1333,793,136,84,155,180,208,55,9,33,22,11,3,5,4,9,3,1,0,3,1,5,0,0,1994
10427,0590,Papendrecht,17507,18,"0,10 ",21655,17525,"80,93 ",3853,3234,3869,3242,469,330,377,809,677,187,117,93,71,30,62,12,3,5,11,4,7,17,8,16,2,2,1994
10501,0124,Peize,3217,14,"0,44 ",3925,3231,"82,32 ",1273,235,800,595,72,92,56,10,7,8,18,15,5,2,1,2,3,10,4,0,3,3,2,0,0,1,1994
10848,0765,Pekela,7860,50,"0,64 ",10157,7910,"77,88 ",3632,1088,748,654,258,655,142,256,20,45,100,46,27,12,2,10,120,3,6,10,7,5,7,0,6,1,1994
10031,0594,Pijnacker,12273,23,"0,19 ",14095,12296,"87,24 ",1499,3657,3688,1887,234,274,240,158,234,173,56,52,31,20,2,9,0,5,13,16,8,3,7,0,4,3,1994
10456,0956,Posterholt,6611,27,"0,41 ",8563,6638,"77,52 ",1701,1954,1139,904,347,144,202,18,3,21,30,53,16,34,8,8,2,6,6,5,1,3,2,0,0,4,1994
11354,0832,Prinsenbeek,6641,24,"0,36 ",8041,6665,"82,89 ",1180,2094,1599,1106,215,89,106,22,6,17,36,94,18,17,8,3,1,5,5,13,0,3,0,3,1,0,1994
11066,0439,Purmerend,36646,92,"0,25 ",47822,36738,"76,82 ",9275,3676,10280,7230,2037,1353,832,280,41,96,275,420,153,120,72,75,109,11,53,35,37,18,17,118,23,10,1994
10099,0833,Putte,1881,9,"0,48 ",2864,1890,"65,99 ",361,401,431,291,86,17,76,6,2,7,12,132,16,7,2,7,1,1,16,0,3,2,1,3,0,0,1994
11109,0273,Putten,13907,50,"0,36 ",15998,13957,"87,24 ",1591,4397,2528,1392,285,121,261,1585,1163,369,28,62,18,23,11,3,3,33,15,0,3,8,3,0,3,2,1994
10279,0177,Raalte,17874,44,"0,25 ",20843,17918,"85,97 ",3147,8996,2324,2125,288,270,178,76,14,66,138,91,19,22,10,9,1,64,11,5,5,4,4,0,5,2,1994
11391,0834,Raamsdonk,8037,10,"0,12 ",10666,8047,"75,45 ",2032,1927,1699,1216,348,217,220,35,46,34,67,92,24,11,13,10,6,8,7,4,10,3,1,3,1,3,1994
10805,0835,Ravenstein,5246,18,"0,34 ",6269,5264,"83,97 ",1361,1763,717,664,208,110,118,9,6,9,172,51,12,8,1,7,0,8,9,0,5,2,3,3,0,0,1994
10485,0595,Reeuwijk,8192,16,"0,20 ",9458,8208,"86,78 ",1024,2196,2351,1040,161,166,183,300,531,86,17,55,25,15,1,5,3,11,8,8,1,1,1,0,3,0,1994
11043,1661,Reiderland,4570,31,"0,68 ",5660,4601,"81,29 ",1791,176,416,333,165,107,59,32,5,7,60,24,10,10,3,14,1312,10,4,9,3,1,15,0,1,3,1994
10077,0703,Reimerswaal,11840,23,"0,19 ",14439,11863,"82,16 ",1995,2262,1825,981,402,119,344,382,3098,147,41,88,50,11,16,18,11,9,12,0,6,9,6,0,4,4,1994
11325,0274,Renkum,23361,71,"0,30 ",26008,23432,"90,10 ",5152,6004,5517,3621,772,823,263,286,150,207,117,156,45,70,34,37,10,8,19,8,17,26,7,0,10,2,1994
10269,0339,Renswoude,2187,0,"0,00 ",2603,2187,"84,02 ",246,760,467,118,38,12,75,141,249,34,1,25,2,2,2,0,1,7,1,0,1,0,1,0,4,0,1994
10162,0836,Reusel,4384,12,"0,27 ",5736,4396,"76,64 ",882,1834,692,533,155,61,105,8,7,9,20,37,12,6,4,6,0,5,4,0,1,0,0,0,1,2,1994
11355,0275,Rheden,29449,67,"0,23 ",35904,29516,"82,21 ",8846,5822,6135,4852,956,933,375,436,58,233,209,158,61,106,85,51,21,13,29,15,9,23,4,0,18,1,1994
10309,0340,Rhenen,10549,27,"0,26 ",12951,10576,"81,66 ",2195,2120,2135,1274,286,223,208,325,1253,129,47,160,33,20,18,13,3,16,8,3,3,7,51,11,4,4,1994
10646,0597,Ridderkerk,28311,47,"0,17 ",35842,28358,"79,12 ",6779,5142,5304,4235,845,356,699,877,2521,634,251,215,169,50,49,27,20,16,28,16,20,16,4,14,14,10,1994
10455,0837,Riethoven,1498,8,"0,53 ",1749,1506,"86,11 ",185,665,315,193,57,23,25,3,0,3,11,7,2,5,0,0,0,1,0,0,0,1,2,0,0,0,1994
11118,0602,Rijnsburg,8148,21,"0,26 ",9807,8169,"83,30 ",790,3694,1408,680,139,89,99,482,156,486,16,35,20,13,4,9,3,5,5,2,0,4,5,0,1,3,1994
10819,0196,Rijnwaarden,5842,25,"0,43 ",7850,5867,"74,74 ",1967,1591,688,985,199,100,151,13,5,12,35,42,8,12,1,5,3,4,8,4,6,0,2,0,1,0,1994
11257,1672,Rijnwoude,11993,11,"0,09 ",14220,12004,"84,42 ",1685,3316,2948,1863,193,261,208,465,657,106,86,62,39,15,8,22,6,8,12,4,13,4,3,0,3,6,1994
10866,0841,Rijsbergen,3297,16,"0,49 ",4340,3313,"76,34 ",723,1184,625,487,87,42,53,9,5,7,17,23,5,6,6,3,1,8,2,2,1,0,0,1,0,0,1994
10358,0178,Rijssen,15350,56,"0,36 ",17006,15406,"90,59 ",1936,3419,1111,713,200,90,279,2569,4652,176,32,95,25,4,5,3,3,18,6,0,2,2,4,0,5,1,1994
11133,0603,Rijswijk,30352,100,"0,33 ",37602,30452,"80,99 ",5684,5677,8843,5055,1211,840,958,279,136,240,300,353,228,116,238,40,17,10,31,19,23,12,10,13,10,9,1994
10699,0125,Roden,12173,28,"0,23 ",14276,12201,"85,47 ",4193,2029,2474,1797,290,340,181,142,8,406,57,96,16,22,19,10,11,20,17,3,5,2,19,0,13,3,1994
10196,1669,Roerdalen,5948,31,"0,52 ",7630,5979,"78,36 ",1279,1698,1301,825,279,136,191,2,8,14,32,65,10,57,7,6,1,5,14,3,0,9,1,0,3,2,1994
11313,0957,Roermond,21744,81,"0,37 ",31125,21825,"70,12 ",4652,4754,4903,3011,1273,1122,1008,86,14,98,237,165,79,154,73,12,9,11,18,12,12,31,1,0,3,6,1994
10505,1670,Roggel en Neer,4669,6,"0,13 ",6033,4675,"77,49 ",954,1722,861,635,190,118,77,6,7,7,14,20,8,10,0,3,3,9,3,3,4,2,9,0,3,1,1994
10470,0126,Rolde,4244,2,"0,05 ",4977,4246,"85,31 ",1443,410,1411,596,86,126,24,11,4,29,19,17,2,12,0,7,1,15,1,0,4,1,25,0,0,0,1994
10407,0838,Roosendaal en Nispen,33489,82,"0,24 ",46314,33571,"72,49 ",6969,8272,6934,5431,1584,915,1407,137,55,131,504,316,273,70,119,58,17,65,71,15,25,23,12,31,33,22,1994
10970,0839,Rosmalen,16406,45,"0,27 ",20336,16451,"80,90 ",3290,3921,3515,2851,620,411,320,34,15,50,981,218,28,32,19,11,7,5,23,0,18,18,3,7,5,4,1994
10860,0276,Rossum,2020,11,"0,54 ",2411,2031,"84,24 ",546,592,367,284,65,45,53,4,6,1,15,8,7,10,0,5,2,3,1,0,2,3,1,0,0,0,1994
10345,0599,Rotterdam,290851,12843,"4,42 ",426382,303694,"71,23 ",89516,33716,52864,43224,13027,12744,19016,2941,3244,2737,6438,2863,2702,945,576,430,447,113,343,1706,221,240,97,208,413,80,1994
11314,0600,Rozenburg,7878,42,"0,53 ",10920,7920,"72,53 ",1817,1333,1828,1518,294,138,301,97,56,183,51,98,46,21,27,12,16,4,9,7,8,9,2,0,2,1,1994
10684,0277,Rozendaal,931,0,"0,00 ",1025,931,"90,83 ",115,207,375,153,26,24,9,8,0,3,1,3,1,3,2,1,0,0,0,0,0,0,0,0,0,0,1994
11152,0840,Rucphen,11656,51,"0,44 ",17539,11707,"66,75 ",3739,2748,1788,1454,406,122,1056,26,4,9,82,71,32,17,14,9,3,16,16,11,6,4,0,9,2,12,1994
10629,0127,Ruinen,4846,18,"0,37 ",5536,4864,"87,86 ",1475,841,1456,575,82,68,61,52,9,43,15,8,8,12,1,5,3,36,3,2,1,4,81,0,2,3,1994
10944,0128,Ruinerwold,2369,7,"0,30 ",2724,2376,"87,22 ",574,520,671,335,35,39,22,24,3,54,4,16,3,15,0,5,0,4,1,0,0,0,44,0,0,0,1994
10879,0278,Ruurlo,4958,8,"0,16 ",6095,4966,"81,48 ",1347,1153,1555,590,73,61,51,18,9,10,29,34,3,5,2,3,0,3,3,3,0,0,4,0,0,2,1994
11405,0704,Sas van Gent,4389,28,"0,64 ",6102,4417,"72,39 ",1112,891,888,715,255,105,187,13,24,19,22,79,20,8,8,7,3,9,9,0,0,7,2,0,3,3,1994
10612,0604,Sassenheim,9121,18,"0,20 ",10759,9139,"84,94 ",1291,2949,2475,1433,268,148,84,60,29,47,80,70,112,28,9,7,1,2,11,3,5,1,1,0,3,4,1994
10511,0441,Schagen,10427,20,"0,19 ",13011,10447,"80,29 ",2552,1629,2754,2101,350,364,146,66,6,43,95,147,30,62,9,12,8,9,13,2,7,7,4,7,1,3,1994
10711,0039,Scheemda,8847,30,"0,34 ",10654,8877,"83,32 ",3778,1756,961,854,244,277,107,319,14,108,71,43,20,18,2,18,204,5,5,10,4,5,17,0,4,3,1994
10308,0458,Schermer,3141,9,"0,29 ",3698,3150,"85,18 ",681,901,820,440,82,64,49,10,3,9,9,21,4,12,4,7,4,8,3,4,1,3,0,1,1,0,1994
11146,0279,Scherpenzeel,5726,13,"0,23 ",6477,5739,"88,61 ",874,1551,1220,537,113,53,110,393,730,60,6,41,11,9,1,0,0,4,2,4,2,0,5,0,0,0,1994
11260,0606,Schiedam,39919,74,"0,19 ",54022,39993,"74,03 ",11533,6028,7176,6949,1588,1433,1984,460,254,229,491,357,285,133,92,53,52,29,59,522,35,20,18,93,26,20,1994
10355,0088,Schiermonnikoog,961,1,"0,10 ",801,962,"120,10 ",247,236,209,159,12,54,0,2,4,20,3,11,0,1,2,1,0,0,0,0,0,0,0,0,0,0,1994
11178,0844,Schijndel,12721,1191,"9,36 ",16840,13912,"82,61 ",2953,3612,1852,1651,521,236,319,16,16,11,1241,96,17,17,25,4,3,19,10,0,16,5,71,5,4,1,1994
10132,0962,Schinnen,8996,691,"7,68 ",10765,9687,"89,99 ",2021,3043,1262,1390,442,224,180,18,12,41,129,87,12,83,13,4,2,3,10,7,3,5,2,0,3,0,1994
10130,0607,Schipluiden,5674,5,"0,09 ",6463,5679,"87,87 ",536,2495,1466,648,89,116,88,73,35,45,9,17,12,12,1,5,0,6,7,1,4,6,0,1,1,1,1994
10064,0129,Schoonebeek,4654,10,"0,21 ",5833,4664,"79,96 ",1415,1805,446,589,92,56,61,30,3,36,15,42,10,12,0,4,0,10,2,7,2,2,6,0,7,2,1994
10980,0608,Schoonhoven,7593,21,"0,28 ",8926,7614,"85,30 ",1399,1630,1707,1415,164,237,212,251,298,63,28,52,25,16,24,36,5,3,11,7,5,4,1,0,0,0,1994
10627,0444,Schoorl,4480,9,"0,20 ",5239,4489,"85,68 ",1002,911,1204,751,140,167,77,19,7,8,34,39,9,31,5,16,1,4,5,12,6,21,0,6,1,4,1994
10045,0964,Sevenum,4143,8,"0,19 ",5336,4151,"77,79 ",669,1953,592,556,86,50,46,9,9,22,79,36,10,9,0,4,1,1,4,0,2,0,2,0,2,1,1994
10534,0390,'s-Graveland,6145,15,"0,24 ",7245,6160,"85,02 ",1017,1417,1820,1062,193,150,145,74,59,75,10,32,5,25,12,10,7,5,8,1,5,6,2,2,1,2,1994
10052,0517,'s-Gravendeel,5528,12,"0,22 ",6639,5540,"83,45 ",1420,1296,1096,747,96,71,160,161,330,77,8,13,15,9,4,10,0,2,1,2,5,1,0,0,1,3,1994
10469,0787,'s-Gravenmoer,1441,0,"0,00 ",1673,1441,"86,13 ",227,460,287,217,24,20,32,96,29,12,14,15,0,1,0,0,0,1,0,0,1,1,2,2,0,0,1994
10640,0519,'s-Gravenzande,11402,16,"0,14 ",13966,11418,"81,76 ",1356,3738,3513,1033,246,129,297,340,443,107,26,63,44,10,4,6,5,13,9,6,1,1,4,3,2,3,1994
10054,0796,'s-Hertogenbosch,54753,80,"0,15 ",72725,54833,"75,40 ",13700,10309,8901,9447,3151,3090,2028,183,52,278,1531,902,232,199,213,71,31,42,74,0,75,110,9,45,53,27,1994
10515,0965,Simpelveld,6782,17,"0,25 ",8835,6799,"76,96 ",1920,2250,709,862,321,159,191,10,24,23,112,60,23,56,4,7,7,6,16,7,1,10,1,0,3,0,1994
10496,0845,Sint Michielsgestel,7636,23,"0,30 ",9492,7659,"80,69 ",1885,2115,1247,1317,314,156,115,9,10,22,157,212,17,13,0,2,3,10,8,0,9,8,3,2,2,0,1994
10399,0846,Sint-Oedenrode,10450,22,"0,21 ",12721,10472,"82,32 ",2093,3795,1613,1677,564,202,155,10,10,16,119,31,17,49,7,6,3,16,18,0,7,6,30,1,3,2,1994
10394,0712,Sint-Philipsland,1491,0,"0,00 ",1759,1491,"84,76 ",206,248,180,130,23,9,37,72,548,14,9,2,6,0,0,3,0,0,0,0,0,2,1,0,0,1,1994
11230,0968,Sittard,26418,108,"0,41 ",36123,26526,"73,43 ",6652,7137,3647,4080,1603,1383,734,62,27,89,289,233,49,150,97,26,16,17,34,18,11,15,4,0,40,5,1994
10022,0051,Skarsterlân,15891,41,"0,26 ",18834,15932,"84,59 ",4378,5216,2498,2094,425,335,187,312,41,104,45,48,45,42,6,16,26,11,11,15,15,7,7,0,6,1,1994
10489,0130,Sleen,5767,20,"0,35 ",6750,5787,"85,73 ",2472,990,1044,674,100,86,88,106,10,43,29,41,5,12,3,3,14,23,2,4,1,1,15,0,1,0,1994
11331,0610,Sliedrecht,14149,21,"0,15 ",17719,14170,"79,97 ",3582,2272,2154,1831,268,208,353,828,2080,283,49,68,46,23,18,17,9,9,9,8,7,3,1,14,4,5,1994
10747,0040,Slochteren,8584,22,"0,26 ",10844,8606,"79,36 ",2865,1281,1401,1104,216,224,135,106,29,845,47,166,26,7,1,26,23,26,7,7,6,5,24,0,3,4,1994
10895,0713,Sluis,1668,10,"0,60 ",2064,1678,"81,30 ",382,367,523,209,83,16,40,11,3,6,2,11,2,4,2,2,1,0,2,0,1,1,0,0,0,0,1994
10405,0090,Smallingerland,32028,64,"0,20 ",38170,32092,"84,08 ",10707,8213,3647,3870,687,1161,292,1244,158,1264,264,111,82,71,27,20,89,14,14,31,25,13,13,0,6,5,1994
11033,0131,Smilde,5897,17,"0,29 ",7073,5914,"83,61 ",1805,1681,870,748,94,168,70,98,15,176,47,19,10,6,19,7,6,21,1,6,1,0,22,0,1,6,1994
11421,0091,Sneek,17639,30,"0,17 ",22564,17669,"78,31 ",5617,4604,2704,2501,466,489,176,414,38,141,67,70,56,52,16,29,52,3,6,19,93,8,8,0,8,2,1994
11021,0342,Soest,25803,53,"0,21 ",31451,25856,"82,21 ",4108,5889,8014,4028,835,651,493,521,211,380,106,140,121,65,74,39,7,9,22,16,6,18,5,31,8,6,1994
10203,0847,Someren,10383,29,"0,28 ",13258,10412,"78,53 ",1748,4242,1736,1357,544,162,286,12,13,25,92,61,23,8,8,4,0,8,19,0,5,5,13,4,2,6,1994
10549,0848,Son en Breugel,9283,22,"0,24 ",11276,9305,"82,52 ",1327,2724,2409,1630,523,174,195,35,18,31,46,63,11,38,11,5,3,11,2,0,6,11,4,1,2,3,1994
10735,0612,Spijkenisse,37163,84,"0,23 ",51044,37247,"72,97 ",9728,3822,9568,7398,1486,828,1335,459,278,292,560,383,357,124,127,49,61,8,47,59,20,23,17,106,16,12,1994
11233,0849,Sprang-Capelle,5885,41,"0,70 ",7370,5926,"80,41 ",881,1359,1209,714,214,79,195,429,575,62,37,50,13,12,4,15,3,10,6,4,1,8,0,3,0,2,1994
11415,1691,St. Anthonis,7026,35,"0,50 ",8284,7061,"85,24 ",1275,3314,933,832,259,165,71,5,6,17,38,48,6,21,0,6,2,8,6,0,1,5,4,2,1,1,1994
10913,0179,Stad Delden,5164,7,"0,14 ",5794,5171,"89,25 ",959,1872,1246,692,81,63,68,18,4,28,22,63,12,11,2,5,3,6,3,2,1,2,0,0,1,0,1994
10610,0037,Stadskanaal,19611,70,"0,36 ",25753,19681,"76,42 ",6899,5077,2015,1910,501,303,269,1256,36,808,138,99,54,19,18,30,72,31,15,7,16,5,19,0,9,5,1994
11212,0850,Standdaarbuiten,1739,3,"0,17 ",2201,1742,"79,15 ",407,492,376,273,61,26,43,10,1,4,7,15,6,4,1,2,0,0,5,1,0,1,0,3,0,1,1994
11362,0180,Staphorst,8605,7,"0,08 ",9733,8612,"88,48 ",806,1656,954,468,67,34,73,892,2665,766,10,31,9,5,1,5,4,63,4,1,4,2,82,0,2,1,1994
11337,0532,Stede Broec,11372,48,"0,42 ",14135,11420,"80,79 ",2356,2748,2506,2046,523,346,271,83,11,44,59,148,39,45,16,17,15,14,15,6,11,9,1,17,5,21,1994
10731,0851,Steenbergen,8407,38,"0,45 ",11374,8445,"74,25 ",2239,1848,1893,1371,277,128,390,27,10,11,45,31,54,13,21,10,5,4,6,1,2,5,4,4,2,6,1994
10497,0280,Steenderen,3107,11,"0,35 ",3554,3118,"87,73 ",694,1243,602,334,53,63,32,30,7,6,8,14,2,4,0,9,1,0,1,0,0,2,0,0,0,2,1994
10546,0181,Steenwijk,13542,33,"0,24 ",16386,13575,"82,85 ",4492,3195,2106,1687,416,421,221,380,31,276,52,80,24,36,23,10,11,30,13,6,2,6,17,0,4,3,1994
11319,0971,Stein,16238,90,"0,55 ",21024,16328,"77,66 ",4360,4193,2301,2520,942,490,587,25,22,45,190,220,49,91,50,20,7,19,27,19,13,14,12,0,18,4,1994
11186,0973,Stramproy,2959,12,"0,41 ",3778,2971,"78,64 ",651,1143,412,363,134,68,91,9,5,5,30,10,1,12,3,1,1,3,5,1,1,0,4,0,3,3,1994
10558,0617,Strijen,5465,12,"0,22 ",6684,5477,"81,94 ",1434,1018,1355,700,97,131,150,139,263,69,21,30,13,9,0,4,4,5,3,3,1,3,5,3,0,5,1994
10457,0974,Susteren,7962,48,"0,60 ",10249,8010,"78,15 ",2011,2464,1007,1199,584,178,230,12,9,29,53,51,13,59,12,6,4,7,13,6,2,0,1,0,7,5,1994
10474,0975,Swalmen,4756,19,"0,40 ",6551,4775,"72,89 ",1351,1293,725,725,236,171,122,6,3,5,15,42,12,18,8,0,2,4,6,5,0,2,3,0,1,1,1994
11333,0976,Tegelen,9637,14,"0,15 ",13492,9651,"71,53 ",2430,2825,1395,1486,412,216,444,14,21,38,88,120,28,34,20,15,9,5,12,4,5,5,2,0,5,4,1994
10891,0009,Ten Boer,4342,17,"0,39 ",4975,4359,"87,62 ",1137,1119,515,567,87,106,36,119,17,520,33,19,8,9,2,8,17,3,2,0,5,0,8,0,2,3,1994
11104,0480,Ter Aar,5641,16,"0,28 ",6703,5657,"84,40 ",602,2236,1477,677,118,132,129,48,79,34,23,27,20,13,4,9,2,4,4,1,0,0,0,0,2,0,1994
10905,0853,Terheijden,5274,15,"0,28 ",6544,5289,"80,82 ",1210,1331,1022,1080,169,124,146,22,14,15,25,29,14,12,10,12,2,5,7,4,3,9,4,3,2,0,1994
10704,0715,Terneuzen,19762,78,"0,39 ",26224,19840,"75,66 ",4285,3666,3767,2737,881,504,831,476,998,773,162,353,125,59,24,20,9,21,19,0,8,23,8,0,6,7,1994
11210,0093,Terschelling,3952,19,"0,48 ",3871,3971,"102,58 ",1098,728,989,645,103,155,66,40,3,28,22,18,11,10,0,9,1,5,6,0,8,4,1,0,0,2,1994
10677,0854,Teteringen,3762,7,"0,19 ",4329,3769,"87,06 ",540,1124,923,707,173,89,68,6,5,11,35,37,6,11,7,4,1,1,3,0,3,6,0,0,2,0,1994
10237,0448,Texel,9106,14,"0,15 ",9906,9120,"92,07 ",2120,2292,2104,1385,249,443,83,106,55,46,35,52,9,47,5,12,15,7,7,2,6,6,14,4,2,0,1994
10376,0716,Tholen,11408,0,"0,00 ",14611,11408,"78,08 ",2386,1868,1784,1105,232,122,246,616,2615,155,106,37,53,7,6,9,5,16,10,0,11,9,2,0,3,5,1994
11195,0977,Thorn,1661,18,"1,08 ",2102,1679,"79,88 ",491,554,218,184,91,39,38,3,2,7,4,9,6,7,0,1,0,0,2,0,0,0,5,0,0,0,1994
10027,0281,Tiel,17825,34,"0,19 ",24029,17859,"74,32 ",5040,2889,4022,3164,456,631,579,149,142,128,152,181,109,40,45,10,4,19,9,0,8,20,8,0,10,10,1994
10792,0855,Tilburg,88156,334,"0,38 ",124336,88490,"71,17 ",20377,18681,12718,15627,6446,4754,2524,232,203,221,3205,1127,580,307,247,131,73,104,108,66,102,117,32,56,62,56,1994
10694,0183,Tubbergen,12476,57,"0,46 ",14249,12533,"87,96 ",1372,7831,1428,955,186,106,264,28,18,41,31,89,22,11,1,4,2,69,7,2,6,1,2,0,0,0,1994
11241,0737,Tytsjerksteradiel,19660,60,"0,31 ",23084,19720,"85,43 ",5360,6600,2747,2316,295,415,185,680,145,534,98,65,41,32,8,17,31,35,15,6,14,12,5,0,3,1,1994
10408,0282,Ubbergen,6221,14,"0,23 ",7505,6235,"83,08 ",1625,1889,1076,951,128,277,65,15,6,13,34,41,7,27,7,16,1,3,8,0,5,15,8,0,0,4,1994
11141,0856,Uden,21126,30,"0,14 ",27623,21156,"76,59 ",3611,6311,4367,3114,851,310,334,52,25,56,1646,142,51,56,54,26,7,18,16,0,25,17,15,6,12,4,1994
11268,0857,Udenhout,5133,13,"0,25 ",6719,5146,"76,59 ",1010,1953,927,745,193,109,98,4,7,2,21,20,9,10,1,0,3,5,7,2,0,2,0,3,0,2,1994
11238,0450,Uitgeest,6464,9,"0,14 ",7613,6473,"85,03 ",1387,1413,1534,1326,241,219,87,19,8,20,33,79,6,21,11,11,8,3,6,8,5,5,5,6,1,2,1994
11206,0451,Uithoorn,15540,14,"0,09 ",18645,15554,"83,42 ",2691,3316,5138,2512,628,392,206,120,23,47,77,149,41,40,27,33,9,12,22,4,5,13,1,19,11,4,1994
10783,0184,Urk,7056,7,"0,10 ",8267,7063,"85,44 ",51,2289,146,26,50,9,64,1441,2489,456,2,9,6,0,1,0,5,2,2,3,1,1,0,1,2,0,1994
10722,0344,Utrecht,134341,0,"0,00 ",173943,134341,"77,23 ",35357,17335,21143,26683,4554,14126,5714,1014,511,1056,3009,1006,814,425,360,309,154,52,77,108,147,141,26,106,78,36,1994
10007,0981,Vaals,4904,17,"0,35 ",6279,4921,"78,37 ",1509,1381,644,615,289,121,91,20,9,37,62,37,9,26,4,15,9,5,4,1,10,0,1,0,4,1,1994
11071,0283,Valburg,7931,18,"0,23 ",9800,7949,"81,11 ",1451,2385,1468,1338,182,201,124,123,375,78,25,37,10,20,4,12,2,9,18,2,6,4,53,0,4,0,1994
10028,0619,Valkenburg,2038,6,"0,29 ",2433,2044,"84,01 ",228,743,407,207,47,31,23,121,38,133,17,24,4,5,0,2,0,4,3,0,0,0,0,0,0,1,1994
11077,0994,Valkenburg a\d Geul,11239,56,"0,50 ",14127,11295,"79,95 ",2473,3593,1897,1475,666,242,307,32,6,62,166,109,21,101,9,12,1,8,17,14,6,3,11,0,2,6,1994
10779,0720,Valkenisse,3985,16,"0,40 ",4744,4001,"84,34 ",593,1175,952,566,138,90,60,109,166,48,8,30,11,13,3,4,1,2,7,0,2,4,1,0,2,0,1994
11031,0858,Valkenswaard,18289,22,"0,12 ",23494,18311,"77,94 ",3958,4832,3467,2975,1533,345,429,64,31,50,290,93,55,35,26,24,5,10,17,0,12,13,2,6,11,6,1994
11292,0047,Veendam,16637,21,"0,13 ",21540,16658,"77,34 ",7320,2154,2593,2388,534,314,367,252,14,217,171,61,54,22,16,28,49,13,12,13,16,10,7,0,6,6,1994
11052,0345,Veenendaal,30050,77,"0,26 ",37171,30127,"81,05 ",4422,7574,5674,3691,613,632,613,2980,2384,861,130,206,69,29,46,21,6,10,17,7,23,15,8,13,5,1,1994
10369,0717,Veere,3375,11,"0,33 ",3785,3386,"89,46 ",375,1132,641,436,86,90,43,135,223,160,9,17,3,4,1,0,4,4,2,0,1,3,5,0,0,1,1994
10985,0860,Veghel,19809,57,"0,29 ",24568,19866,"80,86 ",3517,7130,3606,2824,955,328,420,33,19,34,375,163,47,64,87,15,4,18,27,0,4,17,107,4,4,7,1994
10071,0861,Veldhoven,23753,42,"0,18 ",29780,23795,"79,90 ",4336,6318,4712,4243,1830,509,609,143,45,77,507,166,41,61,32,10,10,13,39,0,9,11,5,11,9,7,1994
10620,0453,Velsen,38235,61,"0,16 ",49047,38296,"78,08 ",9513,6524,9296,6340,2171,1127,723,553,109,380,243,564,152,110,49,72,72,26,35,29,40,17,5,55,18,12,1994
10433,0454,Venhuizen,4687,0,"0,00 ",5454,4687,"85,94 ",860,1240,1415,640,161,128,81,17,0,18,20,34,8,13,9,13,5,6,4,2,0,4,2,4,1,2,1994
10477,0983,Venlo,32720,84,"0,26 ",47761,32804,"68,68 ",6619,9876,5856,4901,1300,1242,1005,89,40,120,449,714,86,102,131,52,28,7,31,23,18,18,6,0,4,3,1994
11222,0984,Venray,18646,41,"0,22 ",25940,18687,"72,04 ",3949,6829,2718,2948,679,470,305,27,20,44,204,167,34,66,47,24,7,28,15,14,22,9,7,0,8,5,1994
11414,0862,Vessem c.a.,3205,8,"0,25 ",3890,3213,"82,60 ",392,1579,547,386,113,60,63,1,7,3,21,8,6,1,0,1,1,10,1,0,1,1,1,1,1,0,1994
10887,0620,Vianen,11544,33,"0,29 ",14105,11577,"82,08 ",2535,2531,2520,2028,307,267,287,243,442,57,89,77,41,29,19,14,5,4,7,4,2,8,4,13,5,6,1994
10066,0863,Vierlingsbeek,4597,16,"0,35 ",5618,4613,"82,11 ",935,1848,696,673,138,121,96,7,6,5,19,19,7,5,0,1,1,11,1,0,1,0,4,0,1,2,1994
10811,0622,Vlaardingen,43115,96,"0,22 ",56879,43211,"75,97 ",11337,6748,8413,6472,1872,1202,1511,876,910,456,2092,406,194,91,87,69,24,17,56,103,53,23,14,64,12,13,1994
11249,0048,Vlagtwedde,9399,16,"0,17 ",12670,9415,"74,31 ",3638,2293,1357,878,287,170,150,290,9,70,63,49,24,9,5,19,27,18,2,6,4,11,20,0,0,0,1994
11120,0132,Vledder,2474,3,"0,12 ",3044,2477,"81,37 ",928,447,534,326,55,60,25,30,3,18,3,14,1,6,1,1,4,5,3,2,3,2,2,0,0,1,1994
10658,0347,Vleuten-de Meern,11153,20,"0,18 ",13158,11173,"84,91 ",1507,3444,3161,1607,378,228,262,104,84,115,56,92,32,16,6,13,7,6,7,3,4,5,4,8,2,2,1994
10211,0096,Vlieland,1037,8,"0,77 ",876,1045,"119,29 ",269,130,356,168,32,49,9,2,1,5,8,5,0,1,0,1,0,0,0,1,0,0,0,0,0,0,1994
11293,0864,Vlijmen,9751,27,"0,28 ",12135,9778,"80,58 ",1947,2769,1870,1644,572,160,351,25,4,21,161,112,18,27,14,5,3,18,12,0,3,3,2,4,3,3,1994
10270,0718,Vlissingen,25000,92,"0,37 ",33436,25092,"75,04 ",6788,3961,4709,4196,1316,760,1007,504,511,235,267,289,118,89,101,22,22,20,29,0,15,16,12,0,7,6,1994
11174,0623,Vlist,6270,13,"0,21 ",7250,6283,"86,66 ",1115,1593,1455,786,111,88,188,227,521,59,53,24,19,4,1,7,3,6,3,2,1,4,0,0,0,0,1994
11341,0986,Voerendaal,8066,13,"0,16 ",10246,8079,"78,85 ",1727,2911,1208,1080,363,189,155,27,10,42,131,85,19,49,17,7,2,5,7,6,4,13,2,0,5,2,1994
11103,0624,Voorburg,26423,64,"0,24 ",31755,26487,"83,41 ",4429,5051,8584,4323,1001,748,722,224,107,270,193,357,86,74,94,43,7,3,19,40,11,16,5,0,7,9,1994
10017,0625,Voorhout,6836,8,"0,12 ",7890,6844,"86,74 ",893,2118,2074,1133,148,174,79,31,11,33,21,45,18,12,6,8,3,4,8,3,4,3,3,0,1,3,1994
10537,0626,Voorschoten,14141,25,"0,18 ",16594,14166,"85,37 ",2109,3178,4703,2535,384,403,203,108,71,116,67,93,25,52,44,10,3,5,11,4,3,7,0,0,2,5,1994
10912,0285,Voorst,14776,58,"0,39 ",17801,14834,"83,33 ",3407,4758,3037,2154,306,295,177,95,242,55,43,59,26,26,21,7,7,15,9,4,6,7,7,0,5,8,1994
10957,0286,Vorden,5757,11,"0,19 ",6636,5768,"86,92 ",1313,1799,1526,733,93,87,31,43,19,37,14,14,3,7,4,13,1,11,2,1,1,3,0,0,1,1,1994
10630,0133,Vries,6380,17,"0,27 ",7480,6397,"85,52 ",1948,776,1994,1005,115,160,84,59,4,106,19,22,10,12,5,4,4,19,1,4,1,3,19,0,4,2,1994
10643,0186,Vriezenveen,11404,29,"0,25 ",13841,11433,"82,60 ",2782,3942,1257,958,140,79,154,1308,459,117,37,82,23,14,4,2,2,18,7,6,0,5,2,0,5,1,1994
11224,0865,Vught,14731,38,"0,26 ",18875,14769,"78,25 ",3060,3984,3112,2450,720,419,275,32,28,58,161,224,43,28,28,25,3,12,10,0,17,22,1,8,8,3,1994
10959,0866,Waalre,9995,18,"0,18 ",11890,10013,"84,21 ",1608,2783,2716,1632,614,210,150,13,12,34,63,42,18,32,7,17,2,9,7,0,2,12,1,1,6,4,1994
11359,0867,Waalwijk,16963,53,"0,31 ",21908,17016,"77,67 ",3416,4117,3236,2810,1209,470,579,179,60,57,221,302,52,59,68,14,9,9,37,9,11,11,8,13,4,3,1994
10081,0627,Waddinxveen,15627,33,"0,21 ",18630,15660,"84,06 ",2657,3390,3630,2279,249,231,276,780,996,436,77,447,42,29,22,15,3,20,14,4,8,6,4,0,7,5,1994
11010,0289,Wageningen,21236,36,"0,17 ",26076,21272,"81,58 ",5885,3552,3144,4090,432,2427,169,367,306,229,150,75,15,77,51,126,12,18,13,3,26,18,10,0,36,5,1994
10204,0628,Warmond,3236,4,"0,12 ",3962,3240,"81,78 ",474,1066,881,493,79,67,41,16,16,14,19,25,12,10,0,5,4,3,2,3,1,2,1,0,1,1,1994
10838,0291,Warnsveld,5525,10,"0,18 ",6627,5535,"83,52 ",1483,1097,1211,1096,157,181,42,81,9,54,31,28,8,9,5,13,2,0,1,2,2,9,1,0,2,1,1994
10402,0869,Waspik,3049,6,"0,20 ",3693,3055,"82,72 ",739,908,491,400,145,65,111,22,19,15,34,65,5,4,0,4,0,7,8,2,0,0,0,0,4,1,1994
10164,0629,Wassenaar,15728,20,"0,13 ",18515,15748,"85,06 ",1617,3794,7193,1775,391,211,226,91,47,71,28,85,33,58,19,28,4,7,11,5,14,8,5,0,2,5,1994
11329,0630,Wateringen,8964,9,"0,10 ",11027,8973,"81,37 ",997,3052,2720,1155,262,101,310,57,7,58,28,84,37,23,12,10,7,5,15,9,4,3,1,5,2,0,1994
10983,0852,Waterland,11513,25,"0,22 ",13610,11538,"84,78 ",2404,2339,3477,1797,486,362,221,67,14,55,49,69,32,31,6,14,10,11,11,3,12,7,6,22,5,3,1994
10893,0188,Weerselo,6033,19,"0,31 ",6708,6052,"90,22 ",672,3664,785,457,92,54,137,7,1,24,13,50,17,7,0,6,3,35,5,1,1,1,1,0,0,0,1994
11081,0988,Weert,23586,84,"0,36 ",31023,23670,"76,30 ",5642,6009,4620,3387,1445,420,912,43,23,81,426,200,60,89,86,16,8,14,30,17,8,14,20,0,14,2,1994
10773,0457,Weesp,10929,36,"0,33 ",13452,10965,"81,51 ",2386,1770,2723,2154,542,377,350,95,33,79,66,125,28,42,49,20,16,4,22,7,6,6,3,11,8,7,1994
11116,0292,Wehl,3912,12,"0,31 ",5154,3924,"76,14 ",1021,1652,431,502,79,62,90,6,3,8,8,11,7,2,2,4,1,10,3,2,1,4,0,0,0,3,1994
10078,0870,Werkendam,11024,28,"0,25 ",13718,11052,"80,57 ",2077,3329,1734,992,232,132,166,645,1341,187,30,57,42,11,2,4,0,9,9,2,8,5,3,4,1,2,1994
11270,0459,Wervershoof,4716,20,"0,42 ",5600,4736,"84,57 ",716,1906,1028,519,162,118,73,16,1,15,11,67,4,23,3,8,0,4,4,2,8,1,20,5,2,0,1994
10042,0668,West Maas en Waal,11113,50,"0,45 ",13552,11163,"82,37 ",2796,3878,2025,1397,348,165,229,23,14,22,69,51,28,17,6,2,2,11,10,0,8,3,5,0,3,1,1994
11095,0134,Westerbork,5413,12,"0,22 ",6045,5425,"89,74 ",1803,1070,1208,642,117,124,81,59,53,59,21,16,15,21,1,8,5,30,1,1,0,7,69,0,2,0,1994
11041,0871,Westerhoven,1192,0,"0,00 ",1367,1192,"87,20 ",235,500,170,147,65,18,21,2,1,1,2,13,6,1,0,1,0,6,1,0,1,1,0,0,0,0,1994
10354,0558,Wester-Koggenland,8106,31,"0,38 ",9615,8137,"84,63 ",1377,2736,2094,1105,218,190,140,19,6,12,38,51,11,42,3,12,5,6,12,9,4,4,0,8,2,2,1994
10701,0725,Westerschouwen,4541,13,"0,29 ",4796,4554,"94,95 ",989,929,1336,544,177,85,104,149,102,44,14,24,11,16,3,0,2,4,1,0,2,3,2,0,0,0,1994
11085,0293,Westervoort,8637,18,"0,21 ",10947,8655,"79,06 ",2338,1741,1597,1823,267,300,147,66,4,96,76,37,23,20,50,14,6,2,6,4,9,5,1,0,2,3,1994
10931,0726,Westkapelle,1837,4,"0,22 ",2060,1841,"89,37 ",494,408,359,165,37,22,36,47,221,19,3,6,8,1,1,2,0,3,1,0,0,2,0,0,0,2,1994
11322,0098,Weststellingwerf,15090,53,"0,35 ",19002,15143,"79,69 ",5451,3242,2810,1699,449,412,243,182,38,97,79,82,90,36,2,28,30,45,12,14,13,10,6,0,10,10,1994
10009,0614,Westvoorne,8865,31,"0,35 ",10766,8896,"82,63 ",1825,1398,3415,1144,306,140,232,68,51,29,58,98,26,17,2,12,8,7,11,4,4,3,3,1,2,1,1994
10676,0189,Wierden,15028,27,"0,18 ",16874,15055,"89,22 ",2028,6529,2307,1408,228,176,200,1378,380,97,45,133,25,11,20,5,4,18,9,7,4,3,7,0,0,6,1994
11277,0462,Wieringen,5063,22,"0,43 ",6502,5085,"78,21 ",1459,630,1471,774,251,126,118,22,6,20,22,57,28,22,3,12,11,6,4,5,4,3,2,4,0,3,1994
10239,0463,Wieringermeer,7350,13,"0,18 ",8928,7363,"82,47 ",1508,1991,1724,1021,310,133,149,122,35,89,27,105,26,32,4,12,0,8,10,10,2,2,23,7,0,0,1994
10723,0296,Wijchen,21084,30,"0,14 ",26563,21114,"79,49 ",5012,6031,3666,3952,730,469,469,58,19,48,241,165,34,67,34,14,6,12,23,0,5,9,8,0,7,5,1994
10888,0190,Wijhe,4763,10,"0,21 ",5618,4773,"84,96 ",1407,1754,670,542,73,74,43,75,18,33,12,19,1,7,4,4,4,9,3,1,2,1,5,0,2,0,1994
10760,0352,Wijk bij Duurstede,9426,34,"0,36 ",11911,9460,"79,42 ",2023,1690,2365,2007,201,481,216,105,45,64,52,61,25,27,19,8,3,2,7,6,2,6,1,7,3,0,1994
10827,0872,Willemstad,2136,15,"0,70 ",2573,2151,"83,60 ",460,566,550,313,33,43,34,51,10,17,20,14,8,4,1,3,3,2,1,2,0,0,0,1,0,0,1994
10453,0052,Winschoten,11591,50,"0,43 ",15024,11641,"77,48 ",5221,1585,1493,1272,432,524,205,207,10,144,106,87,27,23,1,15,200,3,2,7,8,7,9,0,3,0,1994
11135,0053,Winsum,8314,20,"0,24 ",9661,8334,"86,26 ",2599,2152,1097,1109,111,393,49,86,17,536,51,18,5,17,2,21,8,13,6,1,10,4,7,0,2,0,1994
11119,0294,Winterswijk,17240,43,"0,25 ",21401,17283,"80,76 ",5722,3629,3897,2328,380,413,189,147,20,98,107,126,12,50,17,31,10,15,12,4,9,12,6,0,2,4,1994
10318,0295,Wisch,11676,34,"0,29 ",15117,11710,"77,46 ",3079,3603,2248,1641,325,209,138,133,19,42,52,55,23,21,15,14,6,16,13,3,6,3,5,0,6,1,1994
10243,0727,Wissenkerke,2146,6,"0,28 ",2566,2152,"83,87 ",424,664,441,208,103,38,40,51,107,34,6,14,3,3,0,4,2,4,0,0,0,0,0,0,0,0,1994
11371,0990,Wittem,5294,32,"0,60 ",5964,5326,"89,30 ",1281,1856,701,727,256,155,78,13,16,38,55,39,7,37,3,2,5,5,5,6,3,5,0,0,1,0,1994
10602,0873,Woensdrecht,5908,24,"0,41 ",7797,5932,"76,08 ",1423,1253,1307,932,370,83,260,25,8,17,32,61,35,10,30,6,2,18,10,3,4,5,3,6,3,2,1994
10974,0632,Woerden,22039,1180,"5,35 ",26084,23219,"89,02 ",3329,6288,4960,3540,524,531,479,876,804,197,217,91,42,50,20,15,11,12,11,2,8,7,2,17,5,1,1994
10818,0466,Wognum,4454,0,"0,00 ",5378,4454,"82,82 ",605,1738,1066,645,116,103,61,13,1,13,13,16,6,7,7,19,1,3,3,4,3,2,4,2,0,3,1994
10648,0880,Wormerland,9276,39,"0,42 ",11231,9315,"82,94 ",2369,1668,2061,1661,352,533,152,88,24,60,42,87,19,28,34,19,12,12,15,4,11,4,2,14,4,1,1994
11398,0351,Woudenberg,6589,6,"0,09 ",7621,6595,"86,54 ",874,1631,1491,766,142,100,95,598,651,122,32,30,10,6,6,7,4,6,2,2,2,4,0,7,1,0,1994
10282,0874,Woudrichem,8585,9,"0,10 ",10278,8594,"83,62 ",1695,2728,1350,907,162,122,108,599,413,363,38,20,26,11,2,6,3,5,6,0,6,4,0,6,3,2,1994
10808,0875,Wouw,4953,28,"0,57 ",6515,4981,"76,45 ",1038,1470,1101,692,235,75,221,4,2,6,21,30,19,8,1,11,2,3,5,2,0,4,1,0,0,2,1994
0,0710,Wûnseradiel,6934,29,"0,42 ",8361,6963,"83,28 ",1828,2569,1005,704,161,212,66,87,23,106,37,25,19,25,6,13,13,8,6,8,9,1,1,0,1,1,1994
11427,0683,Wymbritseradiel,9112,9,"0,10 ",10838,9121,"84,16 ",1798,4035,1359,1045,129,209,45,237,27,106,13,23,12,13,2,13,5,10,5,5,12,3,4,0,1,1,1994
11044,0479,Zaanstad,75346,203,"0,27 ",98127,75549,"76,99 ",21438,9848,16072,13435,3510,4172,2030,786,239,452,669,615,318,323,167,187,273,45,99,184,202,33,34,152,33,30,1994
10557,0297,Zaltbommel,6182,11,"0,18 ",7546,6193,"82,07 ",1801,1115,1225,1059,193,251,122,77,110,84,45,34,25,8,3,8,3,2,4,0,5,1,3,0,3,1,1994
10910,0473,Zandvoort,9905,27,"0,27 ",12807,9932,"77,55 ",1986,1257,3537,1542,706,199,252,41,12,22,46,176,18,26,14,20,9,4,14,8,3,1,1,10,0,1,1994
10618,0707,Zederik,8697,30,"0,34 ",9803,8727,"89,02 ",1492,2693,1418,743,123,87,143,699,1040,142,30,12,22,6,6,9,2,11,1,3,5,6,2,0,0,2,1994
11121,0478,Zeevang,3857,0,"0,00 ",4555,3857,"84,68 ",844,403,1473,674,140,126,72,8,4,5,24,25,15,16,0,7,2,5,5,2,2,1,1,3,0,0,1994
10012,0050,Zeewolde,7016,17,"0,24 ",8140,7033,"86,40 ",897,1426,2493,1068,197,111,91,259,79,248,25,43,14,18,2,15,3,5,8,1,3,1,0,9,0,0,1994
10324,0355,Zeist,35198,56,"0,16 ",44972,35254,"78,39 ",6774,6479,9291,5668,1077,1487,738,834,936,653,207,316,157,88,77,66,19,16,38,14,35,164,12,30,11,11,1994
11159,0298,Zelhem,6995,24,"0,34 ",8808,7019,"79,69 ",1975,2076,1316,911,149,99,92,126,107,38,17,22,12,9,0,2,2,27,4,1,2,3,3,0,1,1,1994
10938,0299,Zevenaar,16196,21,"0,13 ",20546,16217,"78,93 ",3782,4276,2761,3446,616,431,262,93,14,57,96,160,28,53,60,4,4,8,20,5,5,7,2,0,6,0,1994
10046,0878,Zevenbergen,9349,34,"0,36 ",12389,9383,"75,74 ",2103,2281,2151,1502,389,185,286,42,24,112,55,75,46,12,16,20,5,8,6,7,4,7,5,4,3,1,1994
11377,1666,Zevenhuizen-Moerkapelle,6460,15,"0,23 ",7419,6475,"87,28 ",1108,1285,1592,792,117,92,159,320,810,63,29,25,12,12,8,5,2,9,9,7,0,2,2,0,0,0,1994
10843,0732,Zierikzee,6348,16,"0,25 ",7870,6364,"80,86 ",1778,1236,1205,1067,126,136,111,310,175,66,27,31,16,21,3,7,4,5,7,0,6,2,4,0,1,4,1994
10004,0476,Zijpe,6870,14,"0,20 ",8397,6884,"81,98 ",1631,1562,1876,965,262,156,113,47,11,28,52,43,18,28,3,10,10,13,13,8,6,5,1,4,0,5,1994
10766,0637,Zoetermeer,59209,70,"0,12 ",74162,59279,"79,93 ",11916,8417,15251,12209,1589,1592,1094,1070,689,579,3264,428,137,242,319,79,28,12,37,146,52,23,9,0,18,9,1994
11074,0638,Zoeterwoude,5189,6,"0,12 ",6279,5195,"82,74 ",725,1629,1295,937,137,181,93,18,25,27,37,30,9,6,3,9,0,7,6,3,7,1,3,0,1,0,1994
10021,0056,Zuidhorn,10979,25,"0,23 ",12542,11004,"87,74 ",2381,3193,1444,1267,155,265,77,189,37,1739,55,45,12,23,3,24,8,13,3,3,9,19,13,0,2,0,1994
10002,0136,Zuidlaren,7150,20,"0,28 ",8544,7170,"83,92 ",1968,1252,1775,1006,177,223,75,91,12,410,41,41,4,19,5,8,12,10,3,4,3,0,9,0,0,2,1994
10262,0137,Zuidwolde,6287,17,"0,27 ",7422,6304,"84,94 ",1419,1799,1374,721,107,95,90,92,35,188,15,32,12,15,4,2,1,37,4,0,3,2,237,0,0,3,1994
11192,0879,Zundert,7579,40,"0,53 ",10663,7619,"71,45 ",1546,2525,1579,1054,268,163,239,8,12,8,29,36,20,8,5,13,3,26,7,2,6,5,5,3,1,8,1994
10254,0301,Zutphen,18849,54,"0,29 ",23878,18903,"79,16 ",6302,2826,2929,3492,687,1089,262,163,27,186,405,117,41,111,26,30,18,19,17,6,11,60,3,0,15,7,1994
10303,0192,Zwartsluis,2868,5,"0,17 ",3330,2873,"86,28 ",662,1002,371,236,61,25,23,190,62,189,9,11,4,2,0,2,5,3,1,0,4,1,3,0,1,1,1994
10872,0138,Zweeloo,2152,5,"0,23 ",2278,2157,"94,69 ",665,425,596,279,38,49,13,23,4,19,6,10,1,2,2,3,1,3,2,3,0,0,8,0,0,0,1994
10468,0642,Zwijndrecht,25868,46,"0,18 ",31921,25914,"81,18 ",5628,5130,5505,4395,784,420,795,773,966,778,111,189,112,59,66,21,15,7,23,18,16,14,4,25,5,9,1994
10093,0193,Zwolle,61028,99,"0,16 ",76080,61127,"80,35 ",16348,12551,10015,10130,1287,2778,547,2382,330,2552,347,495,486,155,103,236,38,42,46,34,43,35,18,0,19,11,1994
